Id,BillingCity,BillingCountry,BillingState,Industry,Name,Phone
001T700001j21AUIAY,New York,US,NY,Technology,MDD_Q4lP0X7Y_Acct_001,555-0001
001T700001j21AVIAY,Chicago,US,IL,Technology,MDD_Q4lP0X7Y_Acct_002,555-0002
001T700001j21AWIAY,Austin,US,TX,Technology,MDD_Q4lP0X7Y_Acct_003,555-0003
001T700001j21AXIAY,Seattle,US,WA,Technology,MDD_Q4lP0X7Y_Acct_004,555-0004
001T700001j21AYIAY,San Francisco,US,CA,Technology,MDD_Q4lP0X7Y_Acct_005,555-0005
001T700001j21AZIAY,New York,US,NY,Technology,MDD_Q4lP0X7Y_Acct_006,555-0006
001T700001j21AaIAI,Chicago,US,IL,Technology,MDD_Q4lP0X7Y_Acct_007,555-0007
001T700001j21AbIAI,Austin,US,TX,Technology,MDD_Q4lP0X7Y_Acct_008,555-0008
001T700001j21AcIAI,Seattle,US,WA,Technology,MDD_Q4lP0X7Y_Acct_009,555-0009
001T700001j21AdIAI,San Francisco,US,CA,Technology,MDD_Q4lP0X7Y_Acct_010,555-0010
001T700001j21GvIAI,New York,US,NY,Technology,MDD_oaK9TrUS_Acct_001,555-0001
001T700001j21GwIAI,Chicago,US,IL,Technology,MDD_oaK9TrUS_Acct_002,555-0002
001T700001j21GxIAI,Austin,US,TX,Technology,MDD_oaK9TrUS_Acct_003,555-0003
001T700001j21GyIAI,Seattle,US,WA,Technology,MDD_oaK9TrUS_Acct_004,555-0004
001T700001j21GzIAI,San Francisco,US,CA,Technology,MDD_oaK9TrUS_Acct_005,555-0005
001T700001j21H0IAI,New York,US,NY,Technology,MDD_oaK9TrUS_Acct_006,555-0006
001T700001j21H1IAI,Chicago,US,IL,Technology,MDD_oaK9TrUS_Acct_007,555-0007
001T700001j21H2IAI,Austin,US,TX,Technology,MDD_oaK9TrUS_Acct_008,555-0008
001T700001j21H3IAI,Seattle,US,WA,Technology,MDD_oaK9TrUS_Acct_009,555-0009
001T700001j21H4IAI,San Francisco,US,CA,Technology,MDD_oaK9TrUS_Acct_010,555-0010
001T700001j28OrIAI,New York,US,NY,Technology,MDD_gqVQvWEs_Acct_001,555-0001
001T700001j28OsIAI,Chicago,US,IL,Technology,MDD_gqVQvWEs_Acct_002,555-0002
001T700001j28OtIAI,Austin,US,TX,Technology,MDD_gqVQvWEs_Acct_003,555-0003
001T700001j28OuIAI,Seattle,US,WA,Technology,MDD_gqVQvWEs_Acct_004,555-0004
001T700001j28OvIAI,San Francisco,US,CA,Technology,MDD_gqVQvWEs_Acct_005,555-0005
001T700001j28OwIAI,New York,US,NY,Technology,MDD_gqVQvWEs_Acct_006,555-0006
001T700001j28OxIAI,Chicago,US,IL,Technology,MDD_gqVQvWEs_Acct_007,555-0007
001T700001j28OyIAI,Austin,US,TX,Technology,MDD_gqVQvWEs_Acct_008,555-0008
001T700001j28OzIAI,Seattle,US,WA,Technology,MDD_gqVQvWEs_Acct_009,555-0009
001T700001j28P0IAI,San Francisco,US,CA,Technology,MDD_gqVQvWEs_Acct_010,555-0010
001T700001j2MV5IAM,New York,US,NY,Technology,MDD_P96acBsQ_Acct_001,555-0001
001T700001j2MV6IAM,Chicago,US,IL,Technology,MDD_P96acBsQ_Acct_002,555-0002
001T700001j2MV7IAM,Austin,US,TX,Technology,MDD_P96acBsQ_Acct_003,555-0003
001T700001j2MV8IAM,Seattle,US,WA,Technology,MDD_P96acBsQ_Acct_004,555-0004
001T700001j2MV9IAM,San Francisco,US,CA,Technology,MDD_P96acBsQ_Acct_005,555-0005
001T700001j2MVAIA2,New York,US,NY,Technology,MDD_P96acBsQ_Acct_006,555-0006
001T700001j2MVBIA2,Chicago,US,IL,Technology,MDD_P96acBsQ_Acct_007,555-0007
001T700001j2MVCIA2,Austin,US,TX,Technology,MDD_P96acBsQ_Acct_008,555-0008
001T700001j2MVDIA2,Seattle,US,WA,Technology,MDD_P96acBsQ_Acct_009,555-0009
001T700001j2MVEIA2,San Francisco,US,CA,Technology,MDD_P96acBsQ_Acct_010,555-0010
001T700001j2ONLIA2,New York,US,NY,Technology,MDD_dXAi3otI_Acct_001,555-0001
001T700001j2ONMIA2,Chicago,US,IL,Technology,MDD_dXAi3otI_Acct_002,555-0002
001T700001j2ONNIA2,Austin,US,TX,Technology,MDD_dXAi3otI_Acct_003,555-0003
001T700001j2ONOIA2,Seattle,US,WA,Technology,MDD_dXAi3otI_Acct_004,555-0004
001T700001j2ONPIA2,San Francisco,US,CA,Technology,MDD_dXAi3otI_Acct_005,555-0005
001T700001j2ONQIA2,New York,US,NY,Technology,MDD_dXAi3otI_Acct_006,555-0006
001T700001j2ONRIA2,Chicago,US,IL,Technology,MDD_dXAi3otI_Acct_007,555-0007
001T700001j2ONSIA2,Austin,US,TX,Technology,MDD_dXAi3otI_Acct_008,555-0008
001T700001j2ONTIA2,Seattle,US,WA,Technology,MDD_dXAi3otI_Acct_009,555-0009
001T700001j2ONUIA2,San Francisco,US,CA,Technology,MDD_dXAi3otI_Acct_010,555-0010
001T700001j2S5pIAE,New York,US,NY,Technology,MDD_sOuJ3nZj_Acct_001,555-0001
001T700001j2S5qIAE,Chicago,US,IL,Technology,MDD_sOuJ3nZj_Acct_002,555-0002
001T700001j2S5rIAE,Austin,US,TX,Technology,MDD_sOuJ3nZj_Acct_003,555-0003
001T700001j2S5sIAE,Seattle,US,WA,Technology,MDD_sOuJ3nZj_Acct_004,555-0004
001T700001j2S5tIAE,San Francisco,US,CA,Technology,MDD_sOuJ3nZj_Acct_005,555-0005
001T700001j2S5uIAE,New York,US,NY,Technology,MDD_sOuJ3nZj_Acct_006,555-0006
001T700001j2S5vIAE,Chicago,US,IL,Technology,MDD_sOuJ3nZj_Acct_007,555-0007
001T700001j2S5wIAE,Austin,US,TX,Technology,MDD_sOuJ3nZj_Acct_008,555-0008
001T700001j2S5xIAE,Seattle,US,WA,Technology,MDD_sOuJ3nZj_Acct_009,555-0009
001T700001j2S5yIAE,San Francisco,US,CA,Technology,MDD_sOuJ3nZj_Acct_010,555-0010
001T700001j2SpKIAU,New York,US,NY,Technology,MDD_72yJp3eY_Acct_001,555-0001
001T700001j2SpLIAU,Chicago,US,IL,Technology,MDD_72yJp3eY_Acct_002,555-0002
001T700001j2SpMIAU,Austin,US,TX,Technology,MDD_72yJp3eY_Acct_003,555-0003
001T700001j2SpNIAU,Seattle,US,WA,Technology,MDD_72yJp3eY_Acct_004,555-0004
001T700001j2SpOIAU,San Francisco,US,CA,Technology,MDD_72yJp3eY_Acct_005,555-0005
001T700001j2SpPIAU,New York,US,NY,Technology,MDD_72yJp3eY_Acct_006,555-0006
001T700001j2SpQIAU,Chicago,US,IL,Technology,MDD_72yJp3eY_Acct_007,555-0007
001T700001j2SpRIAU,Austin,US,TX,Technology,MDD_72yJp3eY_Acct_008,555-0008
001T700001j2SpSIAU,Seattle,US,WA,Technology,MDD_72yJp3eY_Acct_009,555-0009
001T700001j2SpTIAU,San Francisco,US,CA,Technology,MDD_72yJp3eY_Acct_010,555-0010
001T700001j2wopIAA,New York,US,NY,Technology,MDD_uPc6qywd_Acct_001,555-0001
001T700001j2woqIAA,Chicago,US,IL,Technology,MDD_uPc6qywd_Acct_002,555-0002
001T700001j2worIAA,Austin,US,TX,Technology,MDD_uPc6qywd_Acct_003,555-0003
001T700001j2wosIAA,Seattle,US,WA,Technology,MDD_uPc6qywd_Acct_004,555-0004
001T700001j2wotIAA,San Francisco,US,CA,Technology,MDD_uPc6qywd_Acct_005,555-0005
001T700001j2wouIAA,New York,US,NY,Technology,MDD_uPc6qywd_Acct_006,555-0006
001T700001j2wovIAA,Chicago,US,IL,Technology,MDD_uPc6qywd_Acct_007,555-0007
001T700001j2wowIAA,Austin,US,TX,Technology,MDD_uPc6qywd_Acct_008,555-0008
001T700001j2woxIAA,Seattle,US,WA,Technology,MDD_uPc6qywd_Acct_009,555-0009
001T700001j2woyIAA,San Francisco,US,CA,Technology,MDD_uPc6qywd_Acct_010,555-0010
001T700001kNAenIAG,New York,US,NY,Technology,MDD_f2CwzO3k_Acct_001,555-0001
001T700001kNAeoIAG,Chicago,US,IL,Technology,MDD_f2CwzO3k_Acct_002,555-0002
001T700001kNAepIAG,Austin,US,TX,Technology,MDD_f2CwzO3k_Acct_003,555-0003
001T700001kNAeqIAG,Seattle,US,WA,Technology,MDD_f2CwzO3k_Acct_004,555-0004
001T700001kNAerIAG,San Francisco,US,CA,Technology,MDD_f2CwzO3k_Acct_005,555-0005
001T700001kNAesIAG,New York,US,NY,Technology,MDD_f2CwzO3k_Acct_006,555-0006
001T700001kNAetIAG,Chicago,US,IL,Technology,MDD_f2CwzO3k_Acct_007,555-0007
001T700001kNAeuIAG,Austin,US,TX,Technology,MDD_f2CwzO3k_Acct_008,555-0008
001T700001kNAevIAG,Seattle,US,WA,Technology,MDD_f2CwzO3k_Acct_009,555-0009
001T700001kNAewIAG,San Francisco,US,CA,Technology,MDD_f2CwzO3k_Acct_010,555-0010
001T700001kNprdIAC,New York,US,NY,Technology,MDD_vvUaTJzr_Acct_001,555-0001
001T700001kNpreIAC,Chicago,US,IL,Technology,MDD_vvUaTJzr_Acct_002,555-0002
001T700001kNprfIAC,Austin,US,TX,Technology,MDD_vvUaTJzr_Acct_003,555-0003
001T700001kNprgIAC,Seattle,US,WA,Technology,MDD_vvUaTJzr_Acct_004,555-0004
001T700001kNprhIAC,San Francisco,US,CA,Technology,MDD_vvUaTJzr_Acct_005,555-0005
001T700001kNpriIAC,New York,US,NY,Technology,MDD_vvUaTJzr_Acct_006,555-0006
001T700001kNprjIAC,Chicago,US,IL,Technology,MDD_vvUaTJzr_Acct_007,555-0007
001T700001kNprkIAC,Austin,US,TX,Technology,MDD_vvUaTJzr_Acct_008,555-0008
001T700001kNprlIAC,Seattle,US,WA,Technology,MDD_vvUaTJzr_Acct_009,555-0009
001T700001kNprmIAC,San Francisco,US,CA,Technology,MDD_vvUaTJzr_Acct_010,555-0010
001T700001kNuL3IAK,New York,US,NY,Technology,MDD_QVYG2ivz_Acct_001,555-0001
001T700001kNuL4IAK,Chicago,US,IL,Technology,MDD_QVYG2ivz_Acct_002,555-0002
001T700001kNuL5IAK,Austin,US,TX,Technology,MDD_QVYG2ivz_Acct_003,555-0003
001T700001kNuL6IAK,Seattle,US,WA,Technology,MDD_QVYG2ivz_Acct_004,555-0004
001T700001kNuL7IAK,San Francisco,US,CA,Technology,MDD_QVYG2ivz_Acct_005,555-0005
001T700001kNuL8IAK,New York,US,NY,Technology,MDD_QVYG2ivz_Acct_006,555-0006
001T700001kNuL9IAK,Chicago,US,IL,Technology,MDD_QVYG2ivz_Acct_007,555-0007
001T700001kNuLAIA0,Austin,US,TX,Technology,MDD_QVYG2ivz_Acct_008,555-0008
001T700001kNuLBIA0,Seattle,US,WA,Technology,MDD_QVYG2ivz_Acct_009,555-0009
001T700001kNuLCIA0,San Francisco,US,CA,Technology,MDD_QVYG2ivz_Acct_010,555-0010
001T700001kO50pIAC,New York,US,NY,Technology,MDD_mBREAxpD_Acct_001,555-0001
001T700001kO50qIAC,Chicago,US,IL,Technology,MDD_mBREAxpD_Acct_002,555-0002
001T700001kO50rIAC,Austin,US,TX,Technology,MDD_mBREAxpD_Acct_003,555-0003
001T700001kO50sIAC,Seattle,US,WA,Technology,MDD_mBREAxpD_Acct_004,555-0004
001T700001kO50tIAC,San Francisco,US,CA,Technology,MDD_mBREAxpD_Acct_005,555-0005
001T700001kO50uIAC,New York,US,NY,Technology,MDD_mBREAxpD_Acct_006,555-0006
001T700001kO50vIAC,Chicago,US,IL,Technology,MDD_mBREAxpD_Acct_007,555-0007
001T700001kO50wIAC,Austin,US,TX,Technology,MDD_mBREAxpD_Acct_008,555-0008
001T700001kO50xIAC,Seattle,US,WA,Technology,MDD_mBREAxpD_Acct_009,555-0009
001T700001kO50yIAC,San Francisco,US,CA,Technology,MDD_mBREAxpD_Acct_010,555-0010
001T700001kO5lRIAS,New York,US,NY,Technology,MDD_ZUYwkLDO_Acct_001,555-0001
001T700001kO5lSIAS,Chicago,US,IL,Technology,MDD_ZUYwkLDO_Acct_002,555-0002
001T700001kO5lTIAS,Austin,US,TX,Technology,MDD_ZUYwkLDO_Acct_003,555-0003
001T700001kO5lUIAS,Seattle,US,WA,Technology,MDD_ZUYwkLDO_Acct_004,555-0004
001T700001kO5lVIAS,San Francisco,US,CA,Technology,MDD_ZUYwkLDO_Acct_005,555-0005
001T700001kO5lWIAS,New York,US,NY,Technology,MDD_ZUYwkLDO_Acct_006,555-0006
001T700001kO5lXIAS,Chicago,US,IL,Technology,MDD_ZUYwkLDO_Acct_007,555-0007
001T700001kO5lYIAS,Austin,US,TX,Technology,MDD_ZUYwkLDO_Acct_008,555-0008
001T700001kO5lZIAS,Seattle,US,WA,Technology,MDD_ZUYwkLDO_Acct_009,555-0009
001T700001kO5laIAC,San Francisco,US,CA,Technology,MDD_ZUYwkLDO_Acct_010,555-0010
001T700001mnFOLIA2,New York,US,NY,Technology,MDD_JXumXjgd_Acct_001,555-0001
001T700001mnFOMIA2,Chicago,US,IL,Technology,MDD_JXumXjgd_Acct_002,555-0002
001T700001mnFONIA2,Austin,US,TX,Technology,MDD_JXumXjgd_Acct_003,555-0003
001T700001mnFOOIA2,Seattle,US,WA,Technology,MDD_JXumXjgd_Acct_004,555-0004
001T700001mnFOPIA2,San Francisco,US,CA,Technology,MDD_JXumXjgd_Acct_005,555-0005
001T700001mnFOQIA2,New York,US,NY,Technology,MDD_JXumXjgd_Acct_006,555-0006
001T700001mnFORIA2,Chicago,US,IL,Technology,MDD_JXumXjgd_Acct_007,555-0007
001T700001mnFOSIA2,Austin,US,TX,Technology,MDD_JXumXjgd_Acct_008,555-0008
001T700001mnFOTIA2,Seattle,US,WA,Technology,MDD_JXumXjgd_Acct_009,555-0009
001T700001mnFOUIA2,San Francisco,US,CA,Technology,MDD_JXumXjgd_Acct_010,555-0010
001T700001nGWSNIA4,New York,US,NY,Technology,MDD_63eHA6pN_Acct_001,555-0001
001T700001nGWSOIA4,Chicago,US,IL,Technology,MDD_63eHA6pN_Acct_002,555-0002
001T700001nGWSPIA4,Austin,US,TX,Technology,MDD_63eHA6pN_Acct_003,555-0003
001T700001nGWSQIA4,Seattle,US,WA,Technology,MDD_63eHA6pN_Acct_004,555-0004
001T700001nGWSRIA4,San Francisco,US,CA,Technology,MDD_63eHA6pN_Acct_005,555-0005
001T700001nGWSSIA4,New York,US,NY,Technology,MDD_63eHA6pN_Acct_006,555-0006
001T700001nGWSTIA4,Chicago,US,IL,Technology,MDD_63eHA6pN_Acct_007,555-0007
001T700001nGWSUIA4,Austin,US,TX,Technology,MDD_63eHA6pN_Acct_008,555-0008
001T700001nGWSVIA4,Seattle,US,WA,Technology,MDD_63eHA6pN_Acct_009,555-0009
001T700001nGWSWIA4,San Francisco,US,CA,Technology,MDD_63eHA6pN_Acct_010,555-0010
001T700001nGYIjIAO,New York,US,NY,Technology,MDD_K0FNuASg_Acct_001,555-0001
001T700001nGYIkIAO,Chicago,US,IL,Technology,MDD_K0FNuASg_Acct_002,555-0002
001T700001nGYIlIAO,Austin,US,TX,Technology,MDD_K0FNuASg_Acct_003,555-0003
001T700001nGYImIAO,Seattle,US,WA,Technology,MDD_K0FNuASg_Acct_004,555-0004
001T700001nGYInIAO,San Francisco,US,CA,Technology,MDD_K0FNuASg_Acct_005,555-0005
001T700001nGYIoIAO,New York,US,NY,Technology,MDD_K0FNuASg_Acct_006,555-0006
001T700001nGYIpIAO,Chicago,US,IL,Technology,MDD_K0FNuASg_Acct_007,555-0007
001T700001nGYIqIAO,Austin,US,TX,Technology,MDD_K0FNuASg_Acct_008,555-0008
001T700001nGYIrIAO,Seattle,US,WA,Technology,MDD_K0FNuASg_Acct_009,555-0009
001T700001nGYIsIAO,San Francisco,US,CA,Technology,MDD_K0FNuASg_Acct_010,555-0010
001T700001nGYaxIAG,New York,US,NY,Technology,MDD_5EgqMGtE_Acct_001,555-0001
001T700001nGYayIAG,Chicago,US,IL,Technology,MDD_5EgqMGtE_Acct_002,555-0002
001T700001nGYazIAG,Austin,US,TX,Technology,MDD_5EgqMGtE_Acct_003,555-0003
001T700001nGYb0IAG,Seattle,US,WA,Technology,MDD_5EgqMGtE_Acct_004,555-0004
001T700001nGYb1IAG,San Francisco,US,CA,Technology,MDD_5EgqMGtE_Acct_005,555-0005
001T700001nGYb2IAG,New York,US,NY,Technology,MDD_5EgqMGtE_Acct_006,555-0006
001T700001nGYb3IAG,Chicago,US,IL,Technology,MDD_5EgqMGtE_Acct_007,555-0007
001T700001nGYb4IAG,Austin,US,TX,Technology,MDD_5EgqMGtE_Acct_008,555-0008
001T700001nGYb5IAG,Seattle,US,WA,Technology,MDD_5EgqMGtE_Acct_009,555-0009
001T700001nGYb6IAG,San Francisco,US,CA,Technology,MDD_5EgqMGtE_Acct_010,555-0010
001T700001qblhRIAQ,New York,US,NY,Technology,MDD_Lh2Fy01v_Acct_001,555-0001
001T700001qblhSIAQ,Chicago,US,IL,Technology,MDD_Lh2Fy01v_Acct_002,555-0002
001T700001qblhTIAQ,Austin,US,TX,Technology,MDD_Lh2Fy01v_Acct_003,555-0003
001T700001qblhUIAQ,Seattle,US,WA,Technology,MDD_Lh2Fy01v_Acct_004,555-0004
001T700001qblhVIAQ,San Francisco,US,CA,Technology,MDD_Lh2Fy01v_Acct_005,555-0005
001T700001qblhWIAQ,New York,US,NY,Technology,MDD_Lh2Fy01v_Acct_006,555-0006
001T700001qblhXIAQ,Chicago,US,IL,Technology,MDD_Lh2Fy01v_Acct_007,555-0007
001T700001qblhYIAQ,Austin,US,TX,Technology,MDD_Lh2Fy01v_Acct_008,555-0008
001T700001qblhZIAQ,Seattle,US,WA,Technology,MDD_Lh2Fy01v_Acct_009,555-0009
001T700001qblhaIAA,San Francisco,US,CA,Technology,MDD_Lh2Fy01v_Acct_010,555-0010
001T700001qxzk9IAA,New York,US,NY,Technology,AWIL_GG3VCuaK_Acct_001,555-0001
001T700001rsQBOIA2,New York,US,NY,Technology,AWIL_XSaT9lNH_Acct_001,555-0001
001T700001rsQL4IAM,New York,US,NY,Technology,AWIL_KHHLrfY2_Acct_001,555-0001
001T700001rsQg1IAE,New York,US,NY,Technology,AWIL_gvQWyEQ2_Acct_001,555-0001
001T700001rsQzNIAU,New York,US,NY,Technology,AWIL_R8Ucqsmc_Acct_001,555-0001
001T700001rsRk9IAE,New York,US,NY,Technology,AWIL_ST5Fre3j_Acct_001,555-0001
001T700001rsqQnIAI,New York,US,NY,Technology,AWIL_LpU9sRUO_Acct_001,555-0001
001T700001rsqgvIAA,New York,US,NY,Technology,AWIL_is1SxTjm_Acct_001,555-0001
001T700001rsr57IAA,New York,US,NY,Technology,AWIL_pXoTWY0J_Acct_001,555-0001
001T700001rt7wHIAQ,New York,US,NY,Technology,AWIL_bHvz91FJ_Acct_001,555-0001
001T700001rt7wIIAQ,Chicago,US,IL,Technology,AWIL_bHvz91FJ_Acct_002,555-0002
001T700001rt7wJIAQ,Austin,US,TX,Technology,AWIL_bHvz91FJ_Acct_003,555-0003
001T700001rt7wKIAQ,Seattle,US,WA,Technology,AWIL_bHvz91FJ_Acct_004,555-0004
001T700001rt7wLIAQ,San Francisco,US,CA,Technology,AWIL_bHvz91FJ_Acct_005,555-0005
001T700001rt7wMIAQ,New York,US,NY,Technology,AWIL_bHvz91FJ_Acct_006,555-0006
001T700001rt7wNIAQ,Chicago,US,IL,Technology,AWIL_bHvz91FJ_Acct_007,555-0007
001T700001rt7wOIAQ,Austin,US,TX,Technology,AWIL_bHvz91FJ_Acct_008,555-0008
001T700001rt7wPIAQ,Seattle,US,WA,Technology,AWIL_bHvz91FJ_Acct_009,555-0009
001T700001rt7wQIAQ,San Francisco,US,CA,Technology,AWIL_bHvz91FJ_Acct_010,555-0010
001T700001soK2LIAU,New York,US,NY,Technology,QWIL_klrWJ4bd_Acct_001,555-0001
001T700001soK2MIAU,Chicago,US,IL,Technology,QWIL_klrWJ4bd_Acct_002,555-0002
001T700001soK2NIAU,Austin,US,TX,Technology,QWIL_klrWJ4bd_Acct_003,555-0003
001T700001soK2OIAU,Seattle,US,WA,Technology,QWIL_klrWJ4bd_Acct_004,555-0004
001T700001soK2PIAU,San Francisco,US,CA,Technology,QWIL_klrWJ4bd_Acct_005,555-0005
001T700001soK2QIAU,New York,US,NY,Technology,QWIL_klrWJ4bd_Acct_006,555-0006
001T700001soK2RIAU,Chicago,US,IL,Technology,QWIL_klrWJ4bd_Acct_007,555-0007
001T700001soK2SIAU,Austin,US,TX,Technology,QWIL_klrWJ4bd_Acct_008,555-0008
001T700001soK2TIAU,Seattle,US,WA,Technology,QWIL_klrWJ4bd_Acct_009,555-0009
001T700001soK2UIAU,San Francisco,US,CA,Technology,QWIL_klrWJ4bd_Acct_010,555-0010
001T700001soK2VIAU,New York,US,NY,Technology,QWIL_klrWJ4bd_Acct_011,555-0011
001T700001soK2WIAU,Chicago,US,IL,Technology,QWIL_klrWJ4bd_Acct_012,555-0012
001T700001soK2XIAU,Austin,US,TX,Technology,QWIL_klrWJ4bd_Acct_013,555-0013
001T700001soK2YIAU,Seattle,US,WA,Technology,QWIL_klrWJ4bd_Acct_014,555-0014
001T700001soK2ZIAU,San Francisco,US,CA,Technology,QWIL_klrWJ4bd_Acct_015,555-0015
001T700001soK2aIAE,New York,US,NY,Technology,QWIL_klrWJ4bd_Acct_016,555-0016
001T700001soK2bIAE,Chicago,US,IL,Technology,QWIL_klrWJ4bd_Acct_017,555-0017
001T700001soK2cIAE,Austin,US,TX,Technology,QWIL_klrWJ4bd_Acct_018,555-0018
001T700001soK2dIAE,Seattle,US,WA,Technology,QWIL_klrWJ4bd_Acct_019,555-0019
001T700001soK2eIAE,San Francisco,US,CA,Technology,QWIL_klrWJ4bd_Acct_020,555-0020
001T700001soK2fIAE,New York,US,NY,Technology,QWIL_klrWJ4bd_Acct_021,555-0021
001T700001soK2gIAE,Chicago,US,IL,Technology,QWIL_klrWJ4bd_Acct_022,555-0022
001T700001soK2hIAE,Austin,US,TX,Technology,QWIL_klrWJ4bd_Acct_023,555-0023
001T700001soK2iIAE,Seattle,US,WA,Technology,QWIL_klrWJ4bd_Acct_024,555-0024
001T700001soK2jIAE,San Francisco,US,CA,Technology,QWIL_klrWJ4bd_Acct_025,555-0025
001T700001soK2kIAE,New York,US,NY,Technology,QWIL_klrWJ4bd_Acct_026,555-0026
001T700001soK2lIAE,Chicago,US,IL,Technology,QWIL_klrWJ4bd_Acct_027,555-0027
001T700001soK2mIAE,Austin,US,TX,Technology,QWIL_klrWJ4bd_Acct_028,555-0028
001T700001soK2nIAE,Seattle,US,WA,Technology,QWIL_klrWJ4bd_Acct_029,555-0029
001T700001soK2oIAE,San Francisco,US,CA,Technology,QWIL_klrWJ4bd_Acct_030,555-0030
001T700001soK2pIAE,New York,US,NY,Technology,QWIL_klrWJ4bd_Acct_031,555-0031
001T700001soK2qIAE,Chicago,US,IL,Technology,QWIL_klrWJ4bd_Acct_032,555-0032
001T700001soK2rIAE,Austin,US,TX,Technology,QWIL_klrWJ4bd_Acct_033,555-0033
001T700001soK2sIAE,Seattle,US,WA,Technology,QWIL_klrWJ4bd_Acct_034,555-0034
001T700001soK2tIAE,San Francisco,US,CA,Technology,QWIL_klrWJ4bd_Acct_035,555-0035
001T700001soK2uIAE,New York,US,NY,Technology,QWIL_klrWJ4bd_Acct_036,555-0036
001T700001soK2vIAE,Chicago,US,IL,Technology,QWIL_klrWJ4bd_Acct_037,555-0037
001T700001soK2wIAE,Austin,US,TX,Technology,QWIL_klrWJ4bd_Acct_038,555-0038
001T700001soK2xIAE,Seattle,US,WA,Technology,QWIL_klrWJ4bd_Acct_039,555-0039
001T700001soK2yIAE,San Francisco,US,CA,Technology,QWIL_klrWJ4bd_Acct_040,555-0040
001T700001soK2zIAE,New York,US,NY,Technology,QWIL_klrWJ4bd_Acct_041,555-0041
001T700001soK30IAE,Chicago,US,IL,Technology,QWIL_klrWJ4bd_Acct_042,555-0042
001T700001soK31IAE,Austin,US,TX,Technology,QWIL_klrWJ4bd_Acct_043,555-0043
001T700001soK32IAE,Seattle,US,WA,Technology,QWIL_klrWJ4bd_Acct_044,555-0044
001T700001soK33IAE,San Francisco,US,CA,Technology,QWIL_klrWJ4bd_Acct_045,555-0045
001T700001soK34IAE,New York,US,NY,Technology,QWIL_klrWJ4bd_Acct_046,555-0046
001T700001soK35IAE,Chicago,US,IL,Technology,QWIL_klrWJ4bd_Acct_047,555-0047
001T700001soK36IAE,Austin,US,TX,Technology,QWIL_klrWJ4bd_Acct_048,555-0048
001T700001soK37IAE,Seattle,US,WA,Technology,QWIL_klrWJ4bd_Acct_049,555-0049
001T700001soK38IAE,San Francisco,US,CA,Technology,QWIL_klrWJ4bd_Acct_050,555-0050
001T700001soK39IAE,New York,US,NY,Technology,QWIL_klrWJ4bd_Acct_051,555-0051
001T700001soK3AIAU,Chicago,US,IL,Technology,QWIL_klrWJ4bd_Acct_052,555-0052
001T700001soK3BIAU,Austin,US,TX,Technology,QWIL_klrWJ4bd_Acct_053,555-0053
001T700001soK3CIAU,Seattle,US,WA,Technology,QWIL_klrWJ4bd_Acct_054,555-0054
001T700001soK3DIAU,San Francisco,US,CA,Technology,QWIL_klrWJ4bd_Acct_055,555-0055
001T700001soK3EIAU,New York,US,NY,Technology,QWIL_klrWJ4bd_Acct_056,555-0056
001T700001soK3FIAU,Chicago,US,IL,Technology,QWIL_klrWJ4bd_Acct_057,555-0057
001T700001soK3GIAU,Austin,US,TX,Technology,QWIL_klrWJ4bd_Acct_058,555-0058
001T700001soK3HIAU,Seattle,US,WA,Technology,QWIL_klrWJ4bd_Acct_059,555-0059
001T700001soK3IIAU,San Francisco,US,CA,Technology,QWIL_klrWJ4bd_Acct_060,555-0060
001T700001soK3JIAU,New York,US,NY,Technology,QWIL_klrWJ4bd_Acct_061,555-0061
001T700001soK3KIAU,Chicago,US,IL,Technology,QWIL_klrWJ4bd_Acct_062,555-0062
001T700001soK3LIAU,Austin,US,TX,Technology,QWIL_klrWJ4bd_Acct_063,555-0063
001T700001soK3MIAU,Seattle,US,WA,Technology,QWIL_klrWJ4bd_Acct_064,555-0064
001T700001soK3NIAU,San Francisco,US,CA,Technology,QWIL_klrWJ4bd_Acct_065,555-0065
001T700001soK3OIAU,New York,US,NY,Technology,QWIL_klrWJ4bd_Acct_066,555-0066
001T700001soK3PIAU,Chicago,US,IL,Technology,QWIL_klrWJ4bd_Acct_067,555-0067
001T700001soK3QIAU,Austin,US,TX,Technology,QWIL_klrWJ4bd_Acct_068,555-0068
001T700001soK3RIAU,Seattle,US,WA,Technology,QWIL_klrWJ4bd_Acct_069,555-0069
001T700001soK3SIAU,San Francisco,US,CA,Technology,QWIL_klrWJ4bd_Acct_070,555-0070
001T700001soK3TIAU,New York,US,NY,Technology,QWIL_klrWJ4bd_Acct_071,555-0071
001T700001soK3UIAU,Chicago,US,IL,Technology,QWIL_klrWJ4bd_Acct_072,555-0072
001T700001soK3VIAU,Austin,US,TX,Technology,QWIL_klrWJ4bd_Acct_073,555-0073
001T700001soK3WIAU,Seattle,US,WA,Technology,QWIL_klrWJ4bd_Acct_074,555-0074
001T700001soK3XIAU,San Francisco,US,CA,Technology,QWIL_klrWJ4bd_Acct_075,555-0075
001T700001soK3YIAU,New York,US,NY,Technology,QWIL_klrWJ4bd_Acct_076,555-0076
001T700001soK3ZIAU,Chicago,US,IL,Technology,QWIL_klrWJ4bd_Acct_077,555-0077
001T700001soK3aIAE,Austin,US,TX,Technology,QWIL_klrWJ4bd_Acct_078,555-0078
001T700001soK3bIAE,Seattle,US,WA,Technology,QWIL_klrWJ4bd_Acct_079,555-0079
001T700001soK3cIAE,San Francisco,US,CA,Technology,QWIL_klrWJ4bd_Acct_080,555-0080
001T700001soKn7IAE,New York,US,NY,Technology,QWIL_Wb0NxpgF_Acct_001,555-0001
001T700001soKn8IAE,Chicago,US,IL,Technology,QWIL_Wb0NxpgF_Acct_002,555-0002
001T700001soKn9IAE,Austin,US,TX,Technology,QWIL_Wb0NxpgF_Acct_003,555-0003
001T700001soKnAIAU,Seattle,US,WA,Technology,QWIL_Wb0NxpgF_Acct_004,555-0004
001T700001soKnBIAU,San Francisco,US,CA,Technology,QWIL_Wb0NxpgF_Acct_005,555-0005
001T700001soKnCIAU,New York,US,NY,Technology,QWIL_Wb0NxpgF_Acct_006,555-0006
001T700001soKnDIAU,Chicago,US,IL,Technology,QWIL_Wb0NxpgF_Acct_007,555-0007
001T700001soKnEIAU,Austin,US,TX,Technology,QWIL_Wb0NxpgF_Acct_008,555-0008
001T700001soKnFIAU,Seattle,US,WA,Technology,QWIL_Wb0NxpgF_Acct_009,555-0009
001T700001soKnGIAU,San Francisco,US,CA,Technology,QWIL_Wb0NxpgF_Acct_010,555-0010
001T700001soKnHIAU,New York,US,NY,Technology,QWIL_Wb0NxpgF_Acct_011,555-0011
001T700001soKnIIAU,Chicago,US,IL,Technology,QWIL_Wb0NxpgF_Acct_012,555-0012
001T700001soKnJIAU,Austin,US,TX,Technology,QWIL_Wb0NxpgF_Acct_013,555-0013
001T700001soKnKIAU,Seattle,US,WA,Technology,QWIL_Wb0NxpgF_Acct_014,555-0014
001T700001soKnLIAU,San Francisco,US,CA,Technology,QWIL_Wb0NxpgF_Acct_015,555-0015
001T700001soKnMIAU,New York,US,NY,Technology,QWIL_Wb0NxpgF_Acct_016,555-0016
001T700001soKnNIAU,Chicago,US,IL,Technology,QWIL_Wb0NxpgF_Acct_017,555-0017
001T700001soKnOIAU,Austin,US,TX,Technology,QWIL_Wb0NxpgF_Acct_018,555-0018
001T700001soKnPIAU,Seattle,US,WA,Technology,QWIL_Wb0NxpgF_Acct_019,555-0019
001T700001soKnQIAU,San Francisco,US,CA,Technology,QWIL_Wb0NxpgF_Acct_020,555-0020
001T700001soKnRIAU,New York,US,NY,Technology,QWIL_Wb0NxpgF_Acct_021,555-0021
001T700001soKnSIAU,Chicago,US,IL,Technology,QWIL_Wb0NxpgF_Acct_022,555-0022
001T700001soKnTIAU,Austin,US,TX,Technology,QWIL_Wb0NxpgF_Acct_023,555-0023
001T700001soKnUIAU,Seattle,US,WA,Technology,QWIL_Wb0NxpgF_Acct_024,555-0024
001T700001soKnVIAU,San Francisco,US,CA,Technology,QWIL_Wb0NxpgF_Acct_025,555-0025
001T700001soKnWIAU,New York,US,NY,Technology,QWIL_Wb0NxpgF_Acct_026,555-0026
001T700001soKnXIAU,Chicago,US,IL,Technology,QWIL_Wb0NxpgF_Acct_027,555-0027
001T700001soKnYIAU,Austin,US,TX,Technology,QWIL_Wb0NxpgF_Acct_028,555-0028
001T700001soKnZIAU,Seattle,US,WA,Technology,QWIL_Wb0NxpgF_Acct_029,555-0029
001T700001soKnaIAE,San Francisco,US,CA,Technology,QWIL_Wb0NxpgF_Acct_030,555-0030
001T700001soKnbIAE,New York,US,NY,Technology,QWIL_Wb0NxpgF_Acct_031,555-0031
001T700001soKncIAE,Chicago,US,IL,Technology,QWIL_Wb0NxpgF_Acct_032,555-0032
001T700001soKndIAE,Austin,US,TX,Technology,QWIL_Wb0NxpgF_Acct_033,555-0033
001T700001soKneIAE,Seattle,US,WA,Technology,QWIL_Wb0NxpgF_Acct_034,555-0034
001T700001soKnfIAE,San Francisco,US,CA,Technology,QWIL_Wb0NxpgF_Acct_035,555-0035
001T700001soKngIAE,New York,US,NY,Technology,QWIL_Wb0NxpgF_Acct_036,555-0036
001T700001soKnhIAE,Chicago,US,IL,Technology,QWIL_Wb0NxpgF_Acct_037,555-0037
001T700001soKniIAE,Austin,US,TX,Technology,QWIL_Wb0NxpgF_Acct_038,555-0038
001T700001soKnjIAE,Seattle,US,WA,Technology,QWIL_Wb0NxpgF_Acct_039,555-0039
001T700001soKnkIAE,San Francisco,US,CA,Technology,QWIL_Wb0NxpgF_Acct_040,555-0040
001T700001soKnlIAE,New York,US,NY,Technology,QWIL_Wb0NxpgF_Acct_041,555-0041
001T700001soKnmIAE,Chicago,US,IL,Technology,QWIL_Wb0NxpgF_Acct_042,555-0042
001T700001soKnnIAE,Austin,US,TX,Technology,QWIL_Wb0NxpgF_Acct_043,555-0043
001T700001soKnoIAE,Seattle,US,WA,Technology,QWIL_Wb0NxpgF_Acct_044,555-0044
001T700001soKnpIAE,San Francisco,US,CA,Technology,QWIL_Wb0NxpgF_Acct_045,555-0045
001T700001soKnqIAE,New York,US,NY,Technology,QWIL_Wb0NxpgF_Acct_046,555-0046
001T700001soKnrIAE,Chicago,US,IL,Technology,QWIL_Wb0NxpgF_Acct_047,555-0047
001T700001soKnsIAE,Austin,US,TX,Technology,QWIL_Wb0NxpgF_Acct_048,555-0048
001T700001soKntIAE,Seattle,US,WA,Technology,QWIL_Wb0NxpgF_Acct_049,555-0049
001T700001soKnuIAE,San Francisco,US,CA,Technology,QWIL_Wb0NxpgF_Acct_050,555-0050
001T700001soKojIAE,New York,US,NY,Technology,QWIL_Wb0NxpgF_Acct_051,555-0051
001T700001soKokIAE,Chicago,US,IL,Technology,QWIL_Wb0NxpgF_Acct_052,555-0052
001T700001soKolIAE,Austin,US,TX,Technology,QWIL_Wb0NxpgF_Acct_053,555-0053
001T700001soKomIAE,Seattle,US,WA,Technology,QWIL_Wb0NxpgF_Acct_054,555-0054
001T700001soKonIAE,San Francisco,US,CA,Technology,QWIL_Wb0NxpgF_Acct_055,555-0055
001T700001soKooIAE,New York,US,NY,Technology,QWIL_Wb0NxpgF_Acct_056,555-0056
001T700001soKopIAE,Chicago,US,IL,Technology,QWIL_Wb0NxpgF_Acct_057,555-0057
001T700001soKoqIAE,Austin,US,TX,Technology,QWIL_Wb0NxpgF_Acct_058,555-0058
001T700001soKorIAE,Seattle,US,WA,Technology,QWIL_Wb0NxpgF_Acct_059,555-0059
001T700001soKosIAE,San Francisco,US,CA,Technology,QWIL_Wb0NxpgF_Acct_060,555-0060
001T700001soKotIAE,New York,US,NY,Technology,QWIL_Wb0NxpgF_Acct_061,555-0061
001T700001soKouIAE,Chicago,US,IL,Technology,QWIL_Wb0NxpgF_Acct_062,555-0062
001T700001soKovIAE,Austin,US,TX,Technology,QWIL_Wb0NxpgF_Acct_063,555-0063
001T700001soKowIAE,Seattle,US,WA,Technology,QWIL_Wb0NxpgF_Acct_064,555-0064
001T700001soKoxIAE,San Francisco,US,CA,Technology,QWIL_Wb0NxpgF_Acct_065,555-0065
001T700001soKoyIAE,New York,US,NY,Technology,QWIL_Wb0NxpgF_Acct_066,555-0066
001T700001soKozIAE,Chicago,US,IL,Technology,QWIL_Wb0NxpgF_Acct_067,555-0067
001T700001soKp0IAE,Austin,US,TX,Technology,QWIL_Wb0NxpgF_Acct_068,555-0068
001T700001soKp1IAE,Seattle,US,WA,Technology,QWIL_Wb0NxpgF_Acct_069,555-0069
001T700001soKp2IAE,San Francisco,US,CA,Technology,QWIL_Wb0NxpgF_Acct_070,555-0070
001T700001soKp3IAE,New York,US,NY,Technology,QWIL_Wb0NxpgF_Acct_071,555-0071
001T700001soKp4IAE,Chicago,US,IL,Technology,QWIL_Wb0NxpgF_Acct_072,555-0072
001T700001soKp5IAE,Austin,US,TX,Technology,QWIL_Wb0NxpgF_Acct_073,555-0073
001T700001soKp6IAE,Seattle,US,WA,Technology,QWIL_Wb0NxpgF_Acct_074,555-0074
001T700001soKp7IAE,San Francisco,US,CA,Technology,QWIL_Wb0NxpgF_Acct_075,555-0075
001T700001soKp8IAE,New York,US,NY,Technology,QWIL_Wb0NxpgF_Acct_076,555-0076
001T700001soKp9IAE,Chicago,US,IL,Technology,QWIL_Wb0NxpgF_Acct_077,555-0077
001T700001soKpAIAU,Austin,US,TX,Technology,QWIL_Wb0NxpgF_Acct_078,555-0078
001T700001soKpBIAU,Seattle,US,WA,Technology,QWIL_Wb0NxpgF_Acct_079,555-0079
001T700001soKpCIAU,San Francisco,US,CA,Technology,QWIL_Wb0NxpgF_Acct_080,555-0080
001T700001tG7ELIA0,New York,US,NY,Technology,QWIL_wiZOvalo_Acct_001,555-0001
001T700001tG7EMIA0,Chicago,US,IL,Technology,QWIL_wiZOvalo_Acct_002,555-0002
001T700001tG7ENIA0,Austin,US,TX,Technology,QWIL_wiZOvalo_Acct_003,555-0003
001T700001tG7EOIA0,Seattle,US,WA,Technology,QWIL_wiZOvalo_Acct_004,555-0004
001T700001tG7EPIA0,San Francisco,US,CA,Technology,QWIL_wiZOvalo_Acct_005,555-0005
001T700001tG7EQIA0,New York,US,NY,Technology,QWIL_wiZOvalo_Acct_006,555-0006
001T700001tG7ERIA0,Chicago,US,IL,Technology,QWIL_wiZOvalo_Acct_007,555-0007
001T700001tG7ESIA0,Austin,US,TX,Technology,QWIL_wiZOvalo_Acct_008,555-0008
001T700001tG7ETIA0,Seattle,US,WA,Technology,QWIL_wiZOvalo_Acct_009,555-0009
001T700001tG7EUIA0,San Francisco,US,CA,Technology,QWIL_wiZOvalo_Acct_010,555-0010
001T700001tG7EVIA0,New York,US,NY,Technology,QWIL_wiZOvalo_Acct_011,555-0011
001T700001tG7EWIA0,Chicago,US,IL,Technology,QWIL_wiZOvalo_Acct_012,555-0012
001T700001tG7EXIA0,Austin,US,TX,Technology,QWIL_wiZOvalo_Acct_013,555-0013
001T700001tG7EYIA0,Seattle,US,WA,Technology,QWIL_wiZOvalo_Acct_014,555-0014
001T700001tG7EZIA0,San Francisco,US,CA,Technology,QWIL_wiZOvalo_Acct_015,555-0015
001T700001tG7EaIAK,New York,US,NY,Technology,QWIL_wiZOvalo_Acct_016,555-0016
001T700001tG7EbIAK,Chicago,US,IL,Technology,QWIL_wiZOvalo_Acct_017,555-0017
001T700001tG7EcIAK,Austin,US,TX,Technology,QWIL_wiZOvalo_Acct_018,555-0018
001T700001tG7EdIAK,Seattle,US,WA,Technology,QWIL_wiZOvalo_Acct_019,555-0019
001T700001tG7EeIAK,San Francisco,US,CA,Technology,QWIL_wiZOvalo_Acct_020,555-0020
001T700001tG7EfIAK,New York,US,NY,Technology,QWIL_wiZOvalo_Acct_021,555-0021
001T700001tG7EgIAK,Chicago,US,IL,Technology,QWIL_wiZOvalo_Acct_022,555-0022
001T700001tG7EhIAK,Austin,US,TX,Technology,QWIL_wiZOvalo_Acct_023,555-0023
001T700001tG7EiIAK,Seattle,US,WA,Technology,QWIL_wiZOvalo_Acct_024,555-0024
001T700001tG7EjIAK,San Francisco,US,CA,Technology,QWIL_wiZOvalo_Acct_025,555-0025
001T700001tG7EkIAK,New York,US,NY,Technology,QWIL_wiZOvalo_Acct_026,555-0026
001T700001tG7ElIAK,Chicago,US,IL,Technology,QWIL_wiZOvalo_Acct_027,555-0027
001T700001tG7EmIAK,Austin,US,TX,Technology,QWIL_wiZOvalo_Acct_028,555-0028
001T700001tG7EnIAK,Seattle,US,WA,Technology,QWIL_wiZOvalo_Acct_029,555-0029
001T700001tG7EoIAK,San Francisco,US,CA,Technology,QWIL_wiZOvalo_Acct_030,555-0030
001T700001tG7EpIAK,New York,US,NY,Technology,QWIL_wiZOvalo_Acct_031,555-0031
001T700001tG7EqIAK,Chicago,US,IL,Technology,QWIL_wiZOvalo_Acct_032,555-0032
001T700001tG7ErIAK,Austin,US,TX,Technology,QWIL_wiZOvalo_Acct_033,555-0033
001T700001tG7EsIAK,Seattle,US,WA,Technology,QWIL_wiZOvalo_Acct_034,555-0034
001T700001tG7EtIAK,San Francisco,US,CA,Technology,QWIL_wiZOvalo_Acct_035,555-0035
001T700001tG7EuIAK,New York,US,NY,Technology,QWIL_wiZOvalo_Acct_036,555-0036
001T700001tG7EvIAK,Chicago,US,IL,Technology,QWIL_wiZOvalo_Acct_037,555-0037
001T700001tG7EwIAK,Austin,US,TX,Technology,QWIL_wiZOvalo_Acct_038,555-0038
001T700001tG7ExIAK,Seattle,US,WA,Technology,QWIL_wiZOvalo_Acct_039,555-0039
001T700001tG7EyIAK,San Francisco,US,CA,Technology,QWIL_wiZOvalo_Acct_040,555-0040
001T700001tG7EzIAK,New York,US,NY,Technology,QWIL_wiZOvalo_Acct_041,555-0041
001T700001tG7F0IAK,Chicago,US,IL,Technology,QWIL_wiZOvalo_Acct_042,555-0042
001T700001tG7F1IAK,Austin,US,TX,Technology,QWIL_wiZOvalo_Acct_043,555-0043
001T700001tG7F2IAK,Seattle,US,WA,Technology,QWIL_wiZOvalo_Acct_044,555-0044
001T700001tG875IAC,New York,US,NY,Technology,QWIL_wiZOvalo_Acct_051,555-0051
001T700001tG876IAC,Chicago,US,IL,Technology,QWIL_wiZOvalo_Acct_052,555-0052
001T700001tG877IAC,Austin,US,TX,Technology,QWIL_wiZOvalo_Acct_053,555-0053
001T700001tG878IAC,Seattle,US,WA,Technology,QWIL_wiZOvalo_Acct_054,555-0054
001T700001tG879IAC,San Francisco,US,CA,Technology,QWIL_wiZOvalo_Acct_055,555-0055
001T700001tG87AIAS,New York,US,NY,Technology,QWIL_wiZOvalo_Acct_056,555-0056
001T700001tG87BIAS,Chicago,US,IL,Technology,QWIL_wiZOvalo_Acct_057,555-0057
001T700001tG87CIAS,Austin,US,TX,Technology,QWIL_wiZOvalo_Acct_058,555-0058
001T700001tG87DIAS,Seattle,US,WA,Technology,QWIL_wiZOvalo_Acct_059,555-0059
001T700001tG87EIAS,San Francisco,US,CA,Technology,QWIL_wiZOvalo_Acct_060,555-0060
001T700001tG87FIAS,New York,US,NY,Technology,QWIL_wiZOvalo_Acct_061,555-0061
001T700001tG87GIAS,Chicago,US,IL,Technology,QWIL_wiZOvalo_Acct_062,555-0062
001T700001tG87HIAS,Austin,US,TX,Technology,QWIL_wiZOvalo_Acct_063,555-0063
001T700001tG87IIAS,Seattle,US,WA,Technology,QWIL_wiZOvalo_Acct_064,555-0064
001T700001tG87JIAS,San Francisco,US,CA,Technology,QWIL_wiZOvalo_Acct_065,555-0065
001T700001tG87KIAS,New York,US,NY,Technology,QWIL_wiZOvalo_Acct_066,555-0066
001T700001tG87LIAS,Chicago,US,IL,Technology,QWIL_wiZOvalo_Acct_067,555-0067
001T700001tG87MIAS,Austin,US,TX,Technology,QWIL_wiZOvalo_Acct_068,555-0068
001T700001tG87NIAS,Seattle,US,WA,Technology,QWIL_wiZOvalo_Acct_069,555-0069
001T700001tG87OIAS,San Francisco,US,CA,Technology,QWIL_wiZOvalo_Acct_070,555-0070
001T700001tG87PIAS,New York,US,NY,Technology,QWIL_wiZOvalo_Acct_071,555-0071
001T700001tG87QIAS,Chicago,US,IL,Technology,QWIL_wiZOvalo_Acct_072,555-0072
001T700001tG87RIAS,Austin,US,TX,Technology,QWIL_wiZOvalo_Acct_073,555-0073
001T700001tG87SIAS,Seattle,US,WA,Technology,QWIL_wiZOvalo_Acct_074,555-0074
001T700001tG87TIAS,San Francisco,US,CA,Technology,QWIL_wiZOvalo_Acct_075,555-0075
001T700001tG87UIAS,New York,US,NY,Technology,QWIL_wiZOvalo_Acct_076,555-0076
001T700001tG87VIAS,Chicago,US,IL,Technology,QWIL_wiZOvalo_Acct_077,555-0077
001T700001tG87WIAS,Austin,US,TX,Technology,QWIL_wiZOvalo_Acct_078,555-0078
001T700001tG87XIAS,Seattle,US,WA,Technology,QWIL_wiZOvalo_Acct_079,555-0079
001T700001tG87YIAS,San Francisco,US,CA,Technology,QWIL_wiZOvalo_Acct_080,555-0080
001T700001tG8W5IAK,San Francisco,US,CA,Technology,QWIL_wiZOvalo_Acct_045,555-0045
001T700001tG8W6IAK,New York,US,NY,Technology,QWIL_wiZOvalo_Acct_046,555-0046
001T700001tG8W7IAK,Chicago,US,IL,Technology,QWIL_wiZOvalo_Acct_047,555-0047
001T700001tG8W8IAK,Austin,US,TX,Technology,QWIL_wiZOvalo_Acct_048,555-0048
001T700001tG8W9IAK,Seattle,US,WA,Technology,QWIL_wiZOvalo_Acct_049,555-0049
001T700001tG8WAIA0,San Francisco,US,CA,Technology,QWIL_wiZOvalo_Acct_050,555-0050
