Id,Email,FirstName,LastName,Phone
003T700000JxIM9IAN,mdd_oak9trus_1a@perftest.example.com,MDD_oaK9TrUS_FN_001_A,MDD_oaK9TrUS_LN_001_A,555-0002
003T700000JxIMAIA3,mdd_oak9trus_1b@perftest.example.com,MDD_oaK9TrUS_FN_001_B,MDD_oaK9TrUS_LN_001_B,555-0003
003T700000JxIMBIA3,mdd_oak9trus_2a@perftest.example.com,MDD_oaK9TrUS_FN_002_A,MDD_oaK9TrUS_LN_002_A,555-0004
003T700000JxIMCIA3,mdd_oak9trus_2b@perftest.example.com,MDD_oaK9TrUS_FN_002_B,MDD_oaK9TrUS_LN_002_B,555-0005
003T700000JxIMDIA3,mdd_oak9trus_3a@perftest.example.com,MDD_oaK9TrUS_FN_003_A,MDD_oaK9TrUS_LN_003_A,555-0006
003T700000JxIMEIA3,mdd_oak9trus_3b@perftest.example.com,MDD_oaK9TrUS_FN_003_B,MDD_oaK9TrUS_LN_003_B,555-0007
003T700000JxIMFIA3,mdd_oak9trus_4a@perftest.example.com,MDD_oaK9TrUS_FN_004_A,MDD_oaK9TrUS_LN_004_A,555-0008
003T700000JxIMGIA3,mdd_oak9trus_4b@perftest.example.com,MDD_oaK9TrUS_FN_004_B,MDD_oaK9TrUS_LN_004_B,555-0009
003T700000JxIMHIA3,mdd_oak9trus_5a@perftest.example.com,MDD_oaK9TrUS_FN_005_A,MDD_oaK9TrUS_LN_005_A,555-0010
003T700000JxIMIIA3,mdd_oak9trus_5b@perftest.example.com,MDD_oaK9TrUS_FN_005_B,MDD_oaK9TrUS_LN_005_B,555-0011
003T700000JxIMJIA3,mdd_oak9trus_6a@perftest.example.com,MDD_oaK9TrUS_FN_006_A,MDD_oaK9TrUS_LN_006_A,555-0012
003T700000JxIMKIA3,mdd_oak9trus_6b@perftest.example.com,MDD_oaK9TrUS_FN_006_B,MDD_oaK9TrUS_LN_006_B,555-0013
003T700000JxIMLIA3,mdd_oak9trus_7a@perftest.example.com,MDD_oaK9TrUS_FN_007_A,MDD_oaK9TrUS_LN_007_A,555-0014
003T700000JxIMMIA3,mdd_oak9trus_7b@perftest.example.com,MDD_oaK9TrUS_FN_007_B,MDD_oaK9TrUS_LN_007_B,555-0015
003T700000JxIMNIA3,mdd_oak9trus_8a@perftest.example.com,MDD_oaK9TrUS_FN_008_A,MDD_oaK9TrUS_LN_008_A,555-0016
003T700000JxIMOIA3,mdd_oak9trus_8b@perftest.example.com,MDD_oaK9TrUS_FN_008_B,MDD_oaK9TrUS_LN_008_B,555-0017
003T700000JxIMPIA3,mdd_oak9trus_9a@perftest.example.com,MDD_oaK9TrUS_FN_009_A,MDD_oaK9TrUS_LN_009_A,555-0018
003T700000JxIMQIA3,mdd_oak9trus_9b@perftest.example.com,MDD_oaK9TrUS_FN_009_B,MDD_oaK9TrUS_LN_009_B,555-0019
003T700000JxIMRIA3,mdd_oak9trus_10a@perftest.example.com,MDD_oaK9TrUS_FN_010_A,MDD_oaK9TrUS_LN_010_A,555-0020
003T700000JxIMSIA3,mdd_oak9trus_10b@perftest.example.com,MDD_oaK9TrUS_FN_010_B,MDD_oaK9TrUS_LN_010_B,555-0021
003T700000JxJOfIAN,mdd_q4lp0x7y_1a@perftest.example.com,MDD_Q4lP0X7Y_FN_001_A,MDD_Q4lP0X7Y_LN_001_A,555-0002
003T700000JxJOgIAN,mdd_q4lp0x7y_1b@perftest.example.com,MDD_Q4lP0X7Y_FN_001_B,MDD_Q4lP0X7Y_LN_001_B,555-0003
003T700000JxJOhIAN,mdd_q4lp0x7y_2a@perftest.example.com,MDD_Q4lP0X7Y_FN_002_A,MDD_Q4lP0X7Y_LN_002_A,555-0004
003T700000JxJOiIAN,mdd_q4lp0x7y_2b@perftest.example.com,MDD_Q4lP0X7Y_FN_002_B,MDD_Q4lP0X7Y_LN_002_B,555-0005
003T700000JxJOjIAN,mdd_q4lp0x7y_3a@perftest.example.com,MDD_Q4lP0X7Y_FN_003_A,MDD_Q4lP0X7Y_LN_003_A,555-0006
003T700000JxJOkIAN,mdd_q4lp0x7y_3b@perftest.example.com,MDD_Q4lP0X7Y_FN_003_B,MDD_Q4lP0X7Y_LN_003_B,555-0007
003T700000JxJOlIAN,mdd_q4lp0x7y_4a@perftest.example.com,MDD_Q4lP0X7Y_FN_004_A,MDD_Q4lP0X7Y_LN_004_A,555-0008
003T700000JxJOmIAN,mdd_q4lp0x7y_4b@perftest.example.com,MDD_Q4lP0X7Y_FN_004_B,MDD_Q4lP0X7Y_LN_004_B,555-0009
003T700000JxJOnIAN,mdd_q4lp0x7y_5a@perftest.example.com,MDD_Q4lP0X7Y_FN_005_A,MDD_Q4lP0X7Y_LN_005_A,555-0010
003T700000JxJOoIAN,mdd_q4lp0x7y_5b@perftest.example.com,MDD_Q4lP0X7Y_FN_005_B,MDD_Q4lP0X7Y_LN_005_B,555-0011
003T700000JxJOpIAN,mdd_q4lp0x7y_6a@perftest.example.com,MDD_Q4lP0X7Y_FN_006_A,MDD_Q4lP0X7Y_LN_006_A,555-0012
003T700000JxJOqIAN,mdd_q4lp0x7y_6b@perftest.example.com,MDD_Q4lP0X7Y_FN_006_B,MDD_Q4lP0X7Y_LN_006_B,555-0013
003T700000JxJOrIAN,mdd_q4lp0x7y_7a@perftest.example.com,MDD_Q4lP0X7Y_FN_007_A,MDD_Q4lP0X7Y_LN_007_A,555-0014
003T700000JxJOsIAN,mdd_q4lp0x7y_7b@perftest.example.com,MDD_Q4lP0X7Y_FN_007_B,MDD_Q4lP0X7Y_LN_007_B,555-0015
003T700000JxJOtIAN,mdd_q4lp0x7y_8a@perftest.example.com,MDD_Q4lP0X7Y_FN_008_A,MDD_Q4lP0X7Y_LN_008_A,555-0016
003T700000JxJOuIAN,mdd_q4lp0x7y_8b@perftest.example.com,MDD_Q4lP0X7Y_FN_008_B,MDD_Q4lP0X7Y_LN_008_B,555-0017
003T700000JxJOvIAN,mdd_q4lp0x7y_9a@perftest.example.com,MDD_Q4lP0X7Y_FN_009_A,MDD_Q4lP0X7Y_LN_009_A,555-0018
003T700000JxJOwIAN,mdd_q4lp0x7y_9b@perftest.example.com,MDD_Q4lP0X7Y_FN_009_B,MDD_Q4lP0X7Y_LN_009_B,555-0019
003T700000JxJOxIAN,mdd_q4lp0x7y_10a@perftest.example.com,MDD_Q4lP0X7Y_FN_010_A,MDD_Q4lP0X7Y_LN_010_A,555-0020
003T700000JxJOyIAN,mdd_q4lp0x7y_10b@perftest.example.com,MDD_Q4lP0X7Y_FN_010_B,MDD_Q4lP0X7Y_LN_010_B,555-0021
003T700000JxKkXIAV,mdd_gqvqvwes_1a@perftest.example.com,MDD_gqVQvWEs_FN_001_A,MDD_gqVQvWEs_LN_001_A,555-0002
003T700000JxKkYIAV,mdd_gqvqvwes_1b@perftest.example.com,MDD_gqVQvWEs_FN_001_B,MDD_gqVQvWEs_LN_001_B,555-0003
003T700000JxKkZIAV,mdd_gqvqvwes_2a@perftest.example.com,MDD_gqVQvWEs_FN_002_A,MDD_gqVQvWEs_LN_002_A,555-0004
003T700000JxKkaIAF,mdd_gqvqvwes_2b@perftest.example.com,MDD_gqVQvWEs_FN_002_B,MDD_gqVQvWEs_LN_002_B,555-0005
003T700000JxKkbIAF,mdd_gqvqvwes_3a@perftest.example.com,MDD_gqVQvWEs_FN_003_A,MDD_gqVQvWEs_LN_003_A,555-0006
003T700000JxKkcIAF,mdd_gqvqvwes_3b@perftest.example.com,MDD_gqVQvWEs_FN_003_B,MDD_gqVQvWEs_LN_003_B,555-0007
003T700000JxKkdIAF,mdd_gqvqvwes_4a@perftest.example.com,MDD_gqVQvWEs_FN_004_A,MDD_gqVQvWEs_LN_004_A,555-0008
003T700000JxKkeIAF,mdd_gqvqvwes_4b@perftest.example.com,MDD_gqVQvWEs_FN_004_B,MDD_gqVQvWEs_LN_004_B,555-0009
003T700000JxKkfIAF,mdd_gqvqvwes_5a@perftest.example.com,MDD_gqVQvWEs_FN_005_A,MDD_gqVQvWEs_LN_005_A,555-0010
003T700000JxKkgIAF,mdd_gqvqvwes_5b@perftest.example.com,MDD_gqVQvWEs_FN_005_B,MDD_gqVQvWEs_LN_005_B,555-0011
003T700000JxKkhIAF,mdd_gqvqvwes_6a@perftest.example.com,MDD_gqVQvWEs_FN_006_A,MDD_gqVQvWEs_LN_006_A,555-0012
003T700000JxKkiIAF,mdd_gqvqvwes_6b@perftest.example.com,MDD_gqVQvWEs_FN_006_B,MDD_gqVQvWEs_LN_006_B,555-0013
003T700000JxKkjIAF,mdd_gqvqvwes_7a@perftest.example.com,MDD_gqVQvWEs_FN_007_A,MDD_gqVQvWEs_LN_007_A,555-0014
003T700000JxKkkIAF,mdd_gqvqvwes_7b@perftest.example.com,MDD_gqVQvWEs_FN_007_B,MDD_gqVQvWEs_LN_007_B,555-0015
003T700000JxKklIAF,mdd_gqvqvwes_8a@perftest.example.com,MDD_gqVQvWEs_FN_008_A,MDD_gqVQvWEs_LN_008_A,555-0016
003T700000JxKkmIAF,mdd_gqvqvwes_8b@perftest.example.com,MDD_gqVQvWEs_FN_008_B,MDD_gqVQvWEs_LN_008_B,555-0017
003T700000JxKknIAF,mdd_gqvqvwes_9a@perftest.example.com,MDD_gqVQvWEs_FN_009_A,MDD_gqVQvWEs_LN_009_A,555-0018
003T700000JxKkoIAF,mdd_gqvqvwes_9b@perftest.example.com,MDD_gqVQvWEs_FN_009_B,MDD_gqVQvWEs_LN_009_B,555-0019
003T700000JxKkpIAF,mdd_gqvqvwes_10a@perftest.example.com,MDD_gqVQvWEs_FN_010_A,MDD_gqVQvWEs_LN_010_A,555-0020
003T700000JxKkqIAF,mdd_gqvqvwes_10b@perftest.example.com,MDD_gqVQvWEs_FN_010_B,MDD_gqVQvWEs_LN_010_B,555-0021
003T700000JxNVpIAN,mdd_dxai3oti_1a@perftest.example.com,MDD_dXAi3otI_FN_001_A,MDD_dXAi3otI_LN_001_A,555-0002
003T700000JxNVqIAN,mdd_dxai3oti_1b@perftest.example.com,MDD_dXAi3otI_FN_001_B,MDD_dXAi3otI_LN_001_B,555-0003
003T700000JxNVrIAN,mdd_dxai3oti_2a@perftest.example.com,MDD_dXAi3otI_FN_002_A,MDD_dXAi3otI_LN_002_A,555-0004
003T700000JxNVsIAN,mdd_dxai3oti_2b@perftest.example.com,MDD_dXAi3otI_FN_002_B,MDD_dXAi3otI_LN_002_B,555-0005
003T700000JxNVtIAN,mdd_dxai3oti_3a@perftest.example.com,MDD_dXAi3otI_FN_003_A,MDD_dXAi3otI_LN_003_A,555-0006
003T700000JxNVuIAN,mdd_dxai3oti_3b@perftest.example.com,MDD_dXAi3otI_FN_003_B,MDD_dXAi3otI_LN_003_B,555-0007
003T700000JxNVvIAN,mdd_dxai3oti_4a@perftest.example.com,MDD_dXAi3otI_FN_004_A,MDD_dXAi3otI_LN_004_A,555-0008
003T700000JxNVwIAN,mdd_dxai3oti_4b@perftest.example.com,MDD_dXAi3otI_FN_004_B,MDD_dXAi3otI_LN_004_B,555-0009
003T700000JxNVxIAN,mdd_dxai3oti_5a@perftest.example.com,MDD_dXAi3otI_FN_005_A,MDD_dXAi3otI_LN_005_A,555-0010
003T700000JxNVyIAN,mdd_dxai3oti_5b@perftest.example.com,MDD_dXAi3otI_FN_005_B,MDD_dXAi3otI_LN_005_B,555-0011
003T700000JxNVzIAN,mdd_dxai3oti_6a@perftest.example.com,MDD_dXAi3otI_FN_006_A,MDD_dXAi3otI_LN_006_A,555-0012
003T700000JxNW0IAN,mdd_dxai3oti_6b@perftest.example.com,MDD_dXAi3otI_FN_006_B,MDD_dXAi3otI_LN_006_B,555-0013
003T700000JxNW1IAN,mdd_dxai3oti_7a@perftest.example.com,MDD_dXAi3otI_FN_007_A,MDD_dXAi3otI_LN_007_A,555-0014
003T700000JxNW2IAN,mdd_dxai3oti_7b@perftest.example.com,MDD_dXAi3otI_FN_007_B,MDD_dXAi3otI_LN_007_B,555-0015
003T700000JxNW3IAN,mdd_dxai3oti_8a@perftest.example.com,MDD_dXAi3otI_FN_008_A,MDD_dXAi3otI_LN_008_A,555-0016
003T700000JxNW4IAN,mdd_dxai3oti_8b@perftest.example.com,MDD_dXAi3otI_FN_008_B,MDD_dXAi3otI_LN_008_B,555-0017
003T700000JxNW5IAN,mdd_dxai3oti_9a@perftest.example.com,MDD_dXAi3otI_FN_009_A,MDD_dXAi3otI_LN_009_A,555-0018
003T700000JxNW6IAN,mdd_dxai3oti_9b@perftest.example.com,MDD_dXAi3otI_FN_009_B,MDD_dXAi3otI_LN_009_B,555-0019
003T700000JxNW7IAN,mdd_dxai3oti_10a@perftest.example.com,MDD_dXAi3otI_FN_010_A,MDD_dXAi3otI_LN_010_A,555-0020
003T700000JxNW8IAN,mdd_dxai3oti_10b@perftest.example.com,MDD_dXAi3otI_FN_010_B,MDD_dXAi3otI_LN_010_B,555-0021
003T700000JxOHtIAN,mdd_p96acbsq_1a@perftest.example.com,MDD_P96acBsQ_FN_001_A,MDD_P96acBsQ_LN_001_A,555-0002
003T700000JxOHuIAN,mdd_p96acbsq_1b@perftest.example.com,MDD_P96acBsQ_FN_001_B,MDD_P96acBsQ_LN_001_B,555-0003
003T700000JxOHvIAN,mdd_p96acbsq_2a@perftest.example.com,MDD_P96acBsQ_FN_002_A,MDD_P96acBsQ_LN_002_A,555-0004
003T700000JxOHwIAN,mdd_p96acbsq_2b@perftest.example.com,MDD_P96acBsQ_FN_002_B,MDD_P96acBsQ_LN_002_B,555-0005
003T700000JxOHxIAN,mdd_p96acbsq_3a@perftest.example.com,MDD_P96acBsQ_FN_003_A,MDD_P96acBsQ_LN_003_A,555-0006
003T700000JxOHyIAN,mdd_p96acbsq_3b@perftest.example.com,MDD_P96acBsQ_FN_003_B,MDD_P96acBsQ_LN_003_B,555-0007
003T700000JxOHzIAN,mdd_p96acbsq_4a@perftest.example.com,MDD_P96acBsQ_FN_004_A,MDD_P96acBsQ_LN_004_A,555-0008
003T700000JxOI0IAN,mdd_p96acbsq_4b@perftest.example.com,MDD_P96acBsQ_FN_004_B,MDD_P96acBsQ_LN_004_B,555-0009
003T700000JxOI1IAN,mdd_p96acbsq_5a@perftest.example.com,MDD_P96acBsQ_FN_005_A,MDD_P96acBsQ_LN_005_A,555-0010
003T700000JxOI2IAN,mdd_p96acbsq_5b@perftest.example.com,MDD_P96acBsQ_FN_005_B,MDD_P96acBsQ_LN_005_B,555-0011
003T700000JxOI3IAN,mdd_p96acbsq_6a@perftest.example.com,MDD_P96acBsQ_FN_006_A,MDD_P96acBsQ_LN_006_A,555-0012
003T700000JxOI4IAN,mdd_p96acbsq_6b@perftest.example.com,MDD_P96acBsQ_FN_006_B,MDD_P96acBsQ_LN_006_B,555-0013
003T700000JxOI5IAN,mdd_p96acbsq_7a@perftest.example.com,MDD_P96acBsQ_FN_007_A,MDD_P96acBsQ_LN_007_A,555-0014
003T700000JxOI6IAN,mdd_p96acbsq_7b@perftest.example.com,MDD_P96acBsQ_FN_007_B,MDD_P96acBsQ_LN_007_B,555-0015
003T700000JxOI7IAN,mdd_p96acbsq_8a@perftest.example.com,MDD_P96acBsQ_FN_008_A,MDD_P96acBsQ_LN_008_A,555-0016
003T700000JxOI8IAN,mdd_p96acbsq_8b@perftest.example.com,MDD_P96acBsQ_FN_008_B,MDD_P96acBsQ_LN_008_B,555-0017
003T700000JxOI9IAN,mdd_p96acbsq_9a@perftest.example.com,MDD_P96acBsQ_FN_009_A,MDD_P96acBsQ_LN_009_A,555-0018
003T700000JxOIAIA3,mdd_p96acbsq_9b@perftest.example.com,MDD_P96acBsQ_FN_009_B,MDD_P96acBsQ_LN_009_B,555-0019
003T700000JxOIBIA3,mdd_p96acbsq_10a@perftest.example.com,MDD_P96acBsQ_FN_010_A,MDD_P96acBsQ_LN_010_A,555-0020
003T700000JxOICIA3,mdd_p96acbsq_10b@perftest.example.com,MDD_P96acBsQ_FN_010_B,MDD_P96acBsQ_LN_010_B,555-0021
003T700000JxRinIAF,mdd_souj3nzj_1a@perftest.example.com,MDD_sOuJ3nZj_FN_001_A,MDD_sOuJ3nZj_LN_001_A,555-0002
003T700000JxRioIAF,mdd_souj3nzj_1b@perftest.example.com,MDD_sOuJ3nZj_FN_001_B,MDD_sOuJ3nZj_LN_001_B,555-0003
003T700000JxRipIAF,mdd_souj3nzj_2a@perftest.example.com,MDD_sOuJ3nZj_FN_002_A,MDD_sOuJ3nZj_LN_002_A,555-0004
003T700000JxRiqIAF,mdd_souj3nzj_2b@perftest.example.com,MDD_sOuJ3nZj_FN_002_B,MDD_sOuJ3nZj_LN_002_B,555-0005
003T700000JxRirIAF,mdd_souj3nzj_3a@perftest.example.com,MDD_sOuJ3nZj_FN_003_A,MDD_sOuJ3nZj_LN_003_A,555-0006
003T700000JxRisIAF,mdd_souj3nzj_3b@perftest.example.com,MDD_sOuJ3nZj_FN_003_B,MDD_sOuJ3nZj_LN_003_B,555-0007
003T700000JxRitIAF,mdd_souj3nzj_4a@perftest.example.com,MDD_sOuJ3nZj_FN_004_A,MDD_sOuJ3nZj_LN_004_A,555-0008
003T700000JxRiuIAF,mdd_souj3nzj_4b@perftest.example.com,MDD_sOuJ3nZj_FN_004_B,MDD_sOuJ3nZj_LN_004_B,555-0009
003T700000JxRivIAF,mdd_souj3nzj_5a@perftest.example.com,MDD_sOuJ3nZj_FN_005_A,MDD_sOuJ3nZj_LN_005_A,555-0010
003T700000JxRiwIAF,mdd_souj3nzj_5b@perftest.example.com,MDD_sOuJ3nZj_FN_005_B,MDD_sOuJ3nZj_LN_005_B,555-0011
003T700000JxRixIAF,mdd_souj3nzj_6a@perftest.example.com,MDD_sOuJ3nZj_FN_006_A,MDD_sOuJ3nZj_LN_006_A,555-0012
003T700000JxRiyIAF,mdd_souj3nzj_6b@perftest.example.com,MDD_sOuJ3nZj_FN_006_B,MDD_sOuJ3nZj_LN_006_B,555-0013
003T700000JxRizIAF,mdd_souj3nzj_7a@perftest.example.com,MDD_sOuJ3nZj_FN_007_A,MDD_sOuJ3nZj_LN_007_A,555-0014
003T700000JxRj0IAF,mdd_souj3nzj_7b@perftest.example.com,MDD_sOuJ3nZj_FN_007_B,MDD_sOuJ3nZj_LN_007_B,555-0015
003T700000JxRj1IAF,mdd_souj3nzj_8a@perftest.example.com,MDD_sOuJ3nZj_FN_008_A,MDD_sOuJ3nZj_LN_008_A,555-0016
003T700000JxRj2IAF,mdd_souj3nzj_8b@perftest.example.com,MDD_sOuJ3nZj_FN_008_B,MDD_sOuJ3nZj_LN_008_B,555-0017
003T700000JxRj3IAF,mdd_souj3nzj_9a@perftest.example.com,MDD_sOuJ3nZj_FN_009_A,MDD_sOuJ3nZj_LN_009_A,555-0018
003T700000JxRj4IAF,mdd_souj3nzj_9b@perftest.example.com,MDD_sOuJ3nZj_FN_009_B,MDD_sOuJ3nZj_LN_009_B,555-0019
003T700000JxRj5IAF,mdd_souj3nzj_10a@perftest.example.com,MDD_sOuJ3nZj_FN_010_A,MDD_sOuJ3nZj_LN_010_A,555-0020
003T700000JxRj6IAF,mdd_souj3nzj_10b@perftest.example.com,MDD_sOuJ3nZj_FN_010_B,MDD_sOuJ3nZj_LN_010_B,555-0021
003T700000JxSXRIA3,mdd_72yjp3ey_1a@perftest.example.com,MDD_72yJp3eY_FN_001_A,MDD_72yJp3eY_LN_001_A,555-0002
003T700000JxSXSIA3,mdd_72yjp3ey_1b@perftest.example.com,MDD_72yJp3eY_FN_001_B,MDD_72yJp3eY_LN_001_B,555-0003
003T700000JxSXTIA3,mdd_72yjp3ey_2a@perftest.example.com,MDD_72yJp3eY_FN_002_A,MDD_72yJp3eY_LN_002_A,555-0004
003T700000JxSXUIA3,mdd_72yjp3ey_2b@perftest.example.com,MDD_72yJp3eY_FN_002_B,MDD_72yJp3eY_LN_002_B,555-0005
003T700000JxSXVIA3,mdd_72yjp3ey_3a@perftest.example.com,MDD_72yJp3eY_FN_003_A,MDD_72yJp3eY_LN_003_A,555-0006
003T700000JxSXWIA3,mdd_72yjp3ey_3b@perftest.example.com,MDD_72yJp3eY_FN_003_B,MDD_72yJp3eY_LN_003_B,555-0007
003T700000JxSXXIA3,mdd_72yjp3ey_4a@perftest.example.com,MDD_72yJp3eY_FN_004_A,MDD_72yJp3eY_LN_004_A,555-0008
003T700000JxSXYIA3,mdd_72yjp3ey_4b@perftest.example.com,MDD_72yJp3eY_FN_004_B,MDD_72yJp3eY_LN_004_B,555-0009
003T700000JxSXZIA3,mdd_72yjp3ey_5a@perftest.example.com,MDD_72yJp3eY_FN_005_A,MDD_72yJp3eY_LN_005_A,555-0010
003T700000JxSXaIAN,mdd_72yjp3ey_5b@perftest.example.com,MDD_72yJp3eY_FN_005_B,MDD_72yJp3eY_LN_005_B,555-0011
003T700000JxSXbIAN,mdd_72yjp3ey_6a@perftest.example.com,MDD_72yJp3eY_FN_006_A,MDD_72yJp3eY_LN_006_A,555-0012
003T700000JxSXcIAN,mdd_72yjp3ey_6b@perftest.example.com,MDD_72yJp3eY_FN_006_B,MDD_72yJp3eY_LN_006_B,555-0013
003T700000JxSXdIAN,mdd_72yjp3ey_7a@perftest.example.com,MDD_72yJp3eY_FN_007_A,MDD_72yJp3eY_LN_007_A,555-0014
003T700000JxSXeIAN,mdd_72yjp3ey_7b@perftest.example.com,MDD_72yJp3eY_FN_007_B,MDD_72yJp3eY_LN_007_B,555-0015
003T700000JxSXfIAN,mdd_72yjp3ey_8a@perftest.example.com,MDD_72yJp3eY_FN_008_A,MDD_72yJp3eY_LN_008_A,555-0016
003T700000JxSXgIAN,mdd_72yjp3ey_8b@perftest.example.com,MDD_72yJp3eY_FN_008_B,MDD_72yJp3eY_LN_008_B,555-0017
003T700000JxSXhIAN,mdd_72yjp3ey_9a@perftest.example.com,MDD_72yJp3eY_FN_009_A,MDD_72yJp3eY_LN_009_A,555-0018
003T700000JxSXiIAN,mdd_72yjp3ey_9b@perftest.example.com,MDD_72yJp3eY_FN_009_B,MDD_72yJp3eY_LN_009_B,555-0019
003T700000JxSXjIAN,mdd_72yjp3ey_10a@perftest.example.com,MDD_72yJp3eY_FN_010_A,MDD_72yJp3eY_LN_010_A,555-0020
003T700000JxSXkIAN,mdd_72yjp3ey_10b@perftest.example.com,MDD_72yJp3eY_FN_010_B,MDD_72yJp3eY_LN_010_B,555-0021
003T700000Jxk0zIAB,mdd_upc6qywd_1a@perftest.example.com,MDD_uPc6qywd_FN_001_A,MDD_uPc6qywd_LN_001_A,555-0002
003T700000Jxk10IAB,mdd_upc6qywd_1b@perftest.example.com,MDD_uPc6qywd_FN_001_B,MDD_uPc6qywd_LN_001_B,555-0003
003T700000Jxk11IAB,mdd_upc6qywd_2a@perftest.example.com,MDD_uPc6qywd_FN_002_A,MDD_uPc6qywd_LN_002_A,555-0004
003T700000Jxk12IAB,mdd_upc6qywd_2b@perftest.example.com,MDD_uPc6qywd_FN_002_B,MDD_uPc6qywd_LN_002_B,555-0005
003T700000Jxk13IAB,mdd_upc6qywd_3a@perftest.example.com,MDD_uPc6qywd_FN_003_A,MDD_uPc6qywd_LN_003_A,555-0006
003T700000Jxk14IAB,mdd_upc6qywd_3b@perftest.example.com,MDD_uPc6qywd_FN_003_B,MDD_uPc6qywd_LN_003_B,555-0007
003T700000Jxk15IAB,mdd_upc6qywd_4a@perftest.example.com,MDD_uPc6qywd_FN_004_A,MDD_uPc6qywd_LN_004_A,555-0008
003T700000Jxk16IAB,mdd_upc6qywd_4b@perftest.example.com,MDD_uPc6qywd_FN_004_B,MDD_uPc6qywd_LN_004_B,555-0009
003T700000Jxk17IAB,mdd_upc6qywd_5a@perftest.example.com,MDD_uPc6qywd_FN_005_A,MDD_uPc6qywd_LN_005_A,555-0010
003T700000Jxk18IAB,mdd_upc6qywd_5b@perftest.example.com,MDD_uPc6qywd_FN_005_B,MDD_uPc6qywd_LN_005_B,555-0011
003T700000Jxk19IAB,mdd_upc6qywd_6a@perftest.example.com,MDD_uPc6qywd_FN_006_A,MDD_uPc6qywd_LN_006_A,555-0012
003T700000Jxk1AIAR,mdd_upc6qywd_6b@perftest.example.com,MDD_uPc6qywd_FN_006_B,MDD_uPc6qywd_LN_006_B,555-0013
003T700000Jxk1BIAR,mdd_upc6qywd_7a@perftest.example.com,MDD_uPc6qywd_FN_007_A,MDD_uPc6qywd_LN_007_A,555-0014
003T700000Jxk1CIAR,mdd_upc6qywd_7b@perftest.example.com,MDD_uPc6qywd_FN_007_B,MDD_uPc6qywd_LN_007_B,555-0015
003T700000Jxk1DIAR,mdd_upc6qywd_8a@perftest.example.com,MDD_uPc6qywd_FN_008_A,MDD_uPc6qywd_LN_008_A,555-0016
003T700000Jxk1EIAR,mdd_upc6qywd_8b@perftest.example.com,MDD_uPc6qywd_FN_008_B,MDD_uPc6qywd_LN_008_B,555-0017
003T700000Jxk1FIAR,mdd_upc6qywd_9a@perftest.example.com,MDD_uPc6qywd_FN_009_A,MDD_uPc6qywd_LN_009_A,555-0018
003T700000Jxk1GIAR,mdd_upc6qywd_9b@perftest.example.com,MDD_uPc6qywd_FN_009_B,MDD_uPc6qywd_LN_009_B,555-0019
003T700000Jxk1HIAR,mdd_upc6qywd_10a@perftest.example.com,MDD_uPc6qywd_FN_010_A,MDD_uPc6qywd_LN_010_A,555-0020
003T700000Jxk1IIAR,mdd_upc6qywd_10b@perftest.example.com,MDD_uPc6qywd_FN_010_B,MDD_uPc6qywd_LN_010_B,555-0021
003T700000Jxu4rIAB,mdd_f2cwzo3k_1a@perftest.example.com,MDD_f2CwzO3k_FN_001_A,MDD_f2CwzO3k_LN_001_A,555-0002
003T700000Jxu4sIAB,mdd_f2cwzo3k_1b@perftest.example.com,MDD_f2CwzO3k_FN_001_B,MDD_f2CwzO3k_LN_001_B,555-0003
003T700000Jxu4tIAB,mdd_f2cwzo3k_2a@perftest.example.com,MDD_f2CwzO3k_FN_002_A,MDD_f2CwzO3k_LN_002_A,555-0004
003T700000Jxu4uIAB,mdd_f2cwzo3k_2b@perftest.example.com,MDD_f2CwzO3k_FN_002_B,MDD_f2CwzO3k_LN_002_B,555-0005
003T700000Jxu4vIAB,mdd_f2cwzo3k_3a@perftest.example.com,MDD_f2CwzO3k_FN_003_A,MDD_f2CwzO3k_LN_003_A,555-0006
003T700000Jxu4wIAB,mdd_f2cwzo3k_3b@perftest.example.com,MDD_f2CwzO3k_FN_003_B,MDD_f2CwzO3k_LN_003_B,555-0007
003T700000Jxu4xIAB,mdd_f2cwzo3k_4a@perftest.example.com,MDD_f2CwzO3k_FN_004_A,MDD_f2CwzO3k_LN_004_A,555-0008
003T700000Jxu4yIAB,mdd_f2cwzo3k_4b@perftest.example.com,MDD_f2CwzO3k_FN_004_B,MDD_f2CwzO3k_LN_004_B,555-0009
003T700000Jxu4zIAB,mdd_f2cwzo3k_5a@perftest.example.com,MDD_f2CwzO3k_FN_005_A,MDD_f2CwzO3k_LN_005_A,555-0010
003T700000Jxu50IAB,mdd_f2cwzo3k_5b@perftest.example.com,MDD_f2CwzO3k_FN_005_B,MDD_f2CwzO3k_LN_005_B,555-0011
003T700000Jxu51IAB,mdd_f2cwzo3k_6a@perftest.example.com,MDD_f2CwzO3k_FN_006_A,MDD_f2CwzO3k_LN_006_A,555-0012
003T700000Jxu52IAB,mdd_f2cwzo3k_6b@perftest.example.com,MDD_f2CwzO3k_FN_006_B,MDD_f2CwzO3k_LN_006_B,555-0013
003T700000Jxu53IAB,mdd_f2cwzo3k_7a@perftest.example.com,MDD_f2CwzO3k_FN_007_A,MDD_f2CwzO3k_LN_007_A,555-0014
003T700000Jxu54IAB,mdd_f2cwzo3k_7b@perftest.example.com,MDD_f2CwzO3k_FN_007_B,MDD_f2CwzO3k_LN_007_B,555-0015
003T700000Jxu55IAB,mdd_f2cwzo3k_8a@perftest.example.com,MDD_f2CwzO3k_FN_008_A,MDD_f2CwzO3k_LN_008_A,555-0016
003T700000Jxu56IAB,mdd_f2cwzo3k_8b@perftest.example.com,MDD_f2CwzO3k_FN_008_B,MDD_f2CwzO3k_LN_008_B,555-0017
003T700000Jxu57IAB,mdd_f2cwzo3k_9a@perftest.example.com,MDD_f2CwzO3k_FN_009_A,MDD_f2CwzO3k_LN_009_A,555-0018
003T700000Jxu58IAB,mdd_f2cwzo3k_9b@perftest.example.com,MDD_f2CwzO3k_FN_009_B,MDD_f2CwzO3k_LN_009_B,555-0019
003T700000Jxu59IAB,mdd_f2cwzo3k_10a@perftest.example.com,MDD_f2CwzO3k_FN_010_A,MDD_f2CwzO3k_LN_010_A,555-0020
003T700000Jxu5AIAR,mdd_f2cwzo3k_10b@perftest.example.com,MDD_f2CwzO3k_FN_010_B,MDD_f2CwzO3k_LN_010_B,555-0021
003T700000Jy0tRIAR,mdd_vvuatjzr_1a@perftest.example.com,MDD_vvUaTJzr_FN_001_A,MDD_vvUaTJzr_LN_001_A,555-0002
003T700000Jy0tSIAR,mdd_vvuatjzr_1b@perftest.example.com,MDD_vvUaTJzr_FN_001_B,MDD_vvUaTJzr_LN_001_B,555-0003
003T700000Jy0tTIAR,mdd_vvuatjzr_2a@perftest.example.com,MDD_vvUaTJzr_FN_002_A,MDD_vvUaTJzr_LN_002_A,555-0004
003T700000Jy0tUIAR,mdd_vvuatjzr_2b@perftest.example.com,MDD_vvUaTJzr_FN_002_B,MDD_vvUaTJzr_LN_002_B,555-0005
003T700000Jy0tVIAR,mdd_vvuatjzr_3a@perftest.example.com,MDD_vvUaTJzr_FN_003_A,MDD_vvUaTJzr_LN_003_A,555-0006
003T700000Jy0tWIAR,mdd_vvuatjzr_3b@perftest.example.com,MDD_vvUaTJzr_FN_003_B,MDD_vvUaTJzr_LN_003_B,555-0007
003T700000Jy0tXIAR,mdd_vvuatjzr_4a@perftest.example.com,MDD_vvUaTJzr_FN_004_A,MDD_vvUaTJzr_LN_004_A,555-0008
003T700000Jy0tYIAR,mdd_vvuatjzr_4b@perftest.example.com,MDD_vvUaTJzr_FN_004_B,MDD_vvUaTJzr_LN_004_B,555-0009
003T700000Jy0tZIAR,mdd_vvuatjzr_5a@perftest.example.com,MDD_vvUaTJzr_FN_005_A,MDD_vvUaTJzr_LN_005_A,555-0010
003T700000Jy0taIAB,mdd_vvuatjzr_5b@perftest.example.com,MDD_vvUaTJzr_FN_005_B,MDD_vvUaTJzr_LN_005_B,555-0011
003T700000Jy0tbIAB,mdd_vvuatjzr_6a@perftest.example.com,MDD_vvUaTJzr_FN_006_A,MDD_vvUaTJzr_LN_006_A,555-0012
003T700000Jy0tcIAB,mdd_vvuatjzr_6b@perftest.example.com,MDD_vvUaTJzr_FN_006_B,MDD_vvUaTJzr_LN_006_B,555-0013
003T700000Jy0tdIAB,mdd_vvuatjzr_7a@perftest.example.com,MDD_vvUaTJzr_FN_007_A,MDD_vvUaTJzr_LN_007_A,555-0014
003T700000Jy0teIAB,mdd_vvuatjzr_7b@perftest.example.com,MDD_vvUaTJzr_FN_007_B,MDD_vvUaTJzr_LN_007_B,555-0015
003T700000Jy0tfIAB,mdd_vvuatjzr_8a@perftest.example.com,MDD_vvUaTJzr_FN_008_A,MDD_vvUaTJzr_LN_008_A,555-0016
003T700000Jy0tgIAB,mdd_vvuatjzr_8b@perftest.example.com,MDD_vvUaTJzr_FN_008_B,MDD_vvUaTJzr_LN_008_B,555-0017
003T700000Jy0thIAB,mdd_vvuatjzr_9a@perftest.example.com,MDD_vvUaTJzr_FN_009_A,MDD_vvUaTJzr_LN_009_A,555-0018
003T700000Jy0tiIAB,mdd_vvuatjzr_9b@perftest.example.com,MDD_vvUaTJzr_FN_009_B,MDD_vvUaTJzr_LN_009_B,555-0019
003T700000Jy0tjIAB,mdd_vvuatjzr_10a@perftest.example.com,MDD_vvUaTJzr_FN_010_A,MDD_vvUaTJzr_LN_010_A,555-0020
003T700000Jy0tkIAB,mdd_vvuatjzr_10b@perftest.example.com,MDD_vvUaTJzr_FN_010_B,MDD_vvUaTJzr_LN_010_B,555-0021
003T700000Jy2lZIAR,mdd_qvyg2ivz_1a@perftest.example.com,MDD_QVYG2ivz_FN_001_A,MDD_QVYG2ivz_LN_001_A,555-0002
003T700000Jy2laIAB,mdd_qvyg2ivz_1b@perftest.example.com,MDD_QVYG2ivz_FN_001_B,MDD_QVYG2ivz_LN_001_B,555-0003
003T700000Jy2lbIAB,mdd_qvyg2ivz_2a@perftest.example.com,MDD_QVYG2ivz_FN_002_A,MDD_QVYG2ivz_LN_002_A,555-0004
003T700000Jy2lcIAB,mdd_qvyg2ivz_2b@perftest.example.com,MDD_QVYG2ivz_FN_002_B,MDD_QVYG2ivz_LN_002_B,555-0005
003T700000Jy2ldIAB,mdd_qvyg2ivz_3a@perftest.example.com,MDD_QVYG2ivz_FN_003_A,MDD_QVYG2ivz_LN_003_A,555-0006
003T700000Jy2leIAB,mdd_qvyg2ivz_3b@perftest.example.com,MDD_QVYG2ivz_FN_003_B,MDD_QVYG2ivz_LN_003_B,555-0007
003T700000Jy2lfIAB,mdd_qvyg2ivz_4a@perftest.example.com,MDD_QVYG2ivz_FN_004_A,MDD_QVYG2ivz_LN_004_A,555-0008
003T700000Jy2lgIAB,mdd_qvyg2ivz_4b@perftest.example.com,MDD_QVYG2ivz_FN_004_B,MDD_QVYG2ivz_LN_004_B,555-0009
003T700000Jy2lhIAB,mdd_qvyg2ivz_5a@perftest.example.com,MDD_QVYG2ivz_FN_005_A,MDD_QVYG2ivz_LN_005_A,555-0010
003T700000Jy2liIAB,mdd_qvyg2ivz_5b@perftest.example.com,MDD_QVYG2ivz_FN_005_B,MDD_QVYG2ivz_LN_005_B,555-0011
003T700000Jy2ljIAB,mdd_qvyg2ivz_6a@perftest.example.com,MDD_QVYG2ivz_FN_006_A,MDD_QVYG2ivz_LN_006_A,555-0012
003T700000Jy2lkIAB,mdd_qvyg2ivz_6b@perftest.example.com,MDD_QVYG2ivz_FN_006_B,MDD_QVYG2ivz_LN_006_B,555-0013
003T700000Jy2llIAB,mdd_qvyg2ivz_7a@perftest.example.com,MDD_QVYG2ivz_FN_007_A,MDD_QVYG2ivz_LN_007_A,555-0014
003T700000Jy2lmIAB,mdd_qvyg2ivz_7b@perftest.example.com,MDD_QVYG2ivz_FN_007_B,MDD_QVYG2ivz_LN_007_B,555-0015
003T700000Jy2lnIAB,mdd_qvyg2ivz_8a@perftest.example.com,MDD_QVYG2ivz_FN_008_A,MDD_QVYG2ivz_LN_008_A,555-0016
003T700000Jy2loIAB,mdd_qvyg2ivz_8b@perftest.example.com,MDD_QVYG2ivz_FN_008_B,MDD_QVYG2ivz_LN_008_B,555-0017
003T700000Jy2lpIAB,mdd_qvyg2ivz_9a@perftest.example.com,MDD_QVYG2ivz_FN_009_A,MDD_QVYG2ivz_LN_009_A,555-0018
003T700000Jy2lqIAB,mdd_qvyg2ivz_9b@perftest.example.com,MDD_QVYG2ivz_FN_009_B,MDD_QVYG2ivz_LN_009_B,555-0019
003T700000Jy2lrIAB,mdd_qvyg2ivz_10a@perftest.example.com,MDD_QVYG2ivz_FN_010_A,MDD_QVYG2ivz_LN_010_A,555-0020
003T700000Jy2lsIAB,mdd_qvyg2ivz_10b@perftest.example.com,MDD_QVYG2ivz_FN_010_B,MDD_QVYG2ivz_LN_010_B,555-0021
003T700000Jy5hBIAR,mdd_mbreaxpd_1a@perftest.example.com,MDD_mBREAxpD_FN_001_A,MDD_mBREAxpD_LN_001_A,555-0002
003T700000Jy5hCIAR,mdd_mbreaxpd_1b@perftest.example.com,MDD_mBREAxpD_FN_001_B,MDD_mBREAxpD_LN_001_B,555-0003
003T700000Jy5hDIAR,mdd_mbreaxpd_2a@perftest.example.com,MDD_mBREAxpD_FN_002_A,MDD_mBREAxpD_LN_002_A,555-0004
003T700000Jy5hEIAR,mdd_mbreaxpd_2b@perftest.example.com,MDD_mBREAxpD_FN_002_B,MDD_mBREAxpD_LN_002_B,555-0005
003T700000Jy5hFIAR,mdd_mbreaxpd_3a@perftest.example.com,MDD_mBREAxpD_FN_003_A,MDD_mBREAxpD_LN_003_A,555-0006
003T700000Jy5hGIAR,mdd_mbreaxpd_3b@perftest.example.com,MDD_mBREAxpD_FN_003_B,MDD_mBREAxpD_LN_003_B,555-0007
003T700000Jy5hHIAR,mdd_mbreaxpd_4a@perftest.example.com,MDD_mBREAxpD_FN_004_A,MDD_mBREAxpD_LN_004_A,555-0008
003T700000Jy5hIIAR,mdd_mbreaxpd_4b@perftest.example.com,MDD_mBREAxpD_FN_004_B,MDD_mBREAxpD_LN_004_B,555-0009
003T700000Jy5hJIAR,mdd_mbreaxpd_5a@perftest.example.com,MDD_mBREAxpD_FN_005_A,MDD_mBREAxpD_LN_005_A,555-0010
003T700000Jy5hKIAR,mdd_mbreaxpd_5b@perftest.example.com,MDD_mBREAxpD_FN_005_B,MDD_mBREAxpD_LN_005_B,555-0011
003T700000Jy5hLIAR,mdd_mbreaxpd_6a@perftest.example.com,MDD_mBREAxpD_FN_006_A,MDD_mBREAxpD_LN_006_A,555-0012
003T700000Jy5hMIAR,mdd_mbreaxpd_6b@perftest.example.com,MDD_mBREAxpD_FN_006_B,MDD_mBREAxpD_LN_006_B,555-0013
003T700000Jy5hNIAR,mdd_mbreaxpd_7a@perftest.example.com,MDD_mBREAxpD_FN_007_A,MDD_mBREAxpD_LN_007_A,555-0014
003T700000Jy5hOIAR,mdd_mbreaxpd_7b@perftest.example.com,MDD_mBREAxpD_FN_007_B,MDD_mBREAxpD_LN_007_B,555-0015
003T700000Jy5hPIAR,mdd_mbreaxpd_8a@perftest.example.com,MDD_mBREAxpD_FN_008_A,MDD_mBREAxpD_LN_008_A,555-0016
003T700000Jy5hQIAR,mdd_mbreaxpd_8b@perftest.example.com,MDD_mBREAxpD_FN_008_B,MDD_mBREAxpD_LN_008_B,555-0017
003T700000Jy5hRIAR,mdd_mbreaxpd_9a@perftest.example.com,MDD_mBREAxpD_FN_009_A,MDD_mBREAxpD_LN_009_A,555-0018
003T700000Jy5hSIAR,mdd_mbreaxpd_9b@perftest.example.com,MDD_mBREAxpD_FN_009_B,MDD_mBREAxpD_LN_009_B,555-0019
003T700000Jy5hTIAR,mdd_mbreaxpd_10a@perftest.example.com,MDD_mBREAxpD_FN_010_A,MDD_mBREAxpD_LN_010_A,555-0020
003T700000Jy5hUIAR,mdd_mbreaxpd_10b@perftest.example.com,MDD_mBREAxpD_FN_010_B,MDD_mBREAxpD_LN_010_B,555-0021
003T700000Jy6jNIAR,mdd_zuywkldo_1a@perftest.example.com,MDD_ZUYwkLDO_FN_001_A,MDD_ZUYwkLDO_LN_001_A,555-0002
003T700000Jy6jOIAR,mdd_zuywkldo_1b@perftest.example.com,MDD_ZUYwkLDO_FN_001_B,MDD_ZUYwkLDO_LN_001_B,555-0003
003T700000Jy6jPIAR,mdd_zuywkldo_2a@perftest.example.com,MDD_ZUYwkLDO_FN_002_A,MDD_ZUYwkLDO_LN_002_A,555-0004
003T700000Jy6jQIAR,mdd_zuywkldo_2b@perftest.example.com,MDD_ZUYwkLDO_FN_002_B,MDD_ZUYwkLDO_LN_002_B,555-0005
003T700000Jy6jRIAR,mdd_zuywkldo_3a@perftest.example.com,MDD_ZUYwkLDO_FN_003_A,MDD_ZUYwkLDO_LN_003_A,555-0006
003T700000Jy6jSIAR,mdd_zuywkldo_3b@perftest.example.com,MDD_ZUYwkLDO_FN_003_B,MDD_ZUYwkLDO_LN_003_B,555-0007
003T700000Jy6jTIAR,mdd_zuywkldo_4a@perftest.example.com,MDD_ZUYwkLDO_FN_004_A,MDD_ZUYwkLDO_LN_004_A,555-0008
003T700000Jy6jUIAR,mdd_zuywkldo_4b@perftest.example.com,MDD_ZUYwkLDO_FN_004_B,MDD_ZUYwkLDO_LN_004_B,555-0009
003T700000Jy6jVIAR,mdd_zuywkldo_5a@perftest.example.com,MDD_ZUYwkLDO_FN_005_A,MDD_ZUYwkLDO_LN_005_A,555-0010
003T700000Jy6jWIAR,mdd_zuywkldo_5b@perftest.example.com,MDD_ZUYwkLDO_FN_005_B,MDD_ZUYwkLDO_LN_005_B,555-0011
003T700000Jy6jXIAR,mdd_zuywkldo_6a@perftest.example.com,MDD_ZUYwkLDO_FN_006_A,MDD_ZUYwkLDO_LN_006_A,555-0012
003T700000Jy6jYIAR,mdd_zuywkldo_6b@perftest.example.com,MDD_ZUYwkLDO_FN_006_B,MDD_ZUYwkLDO_LN_006_B,555-0013
003T700000Jy6jZIAR,mdd_zuywkldo_7a@perftest.example.com,MDD_ZUYwkLDO_FN_007_A,MDD_ZUYwkLDO_LN_007_A,555-0014
003T700000Jy6jaIAB,mdd_zuywkldo_7b@perftest.example.com,MDD_ZUYwkLDO_FN_007_B,MDD_ZUYwkLDO_LN_007_B,555-0015
003T700000Jy6jbIAB,mdd_zuywkldo_8a@perftest.example.com,MDD_ZUYwkLDO_FN_008_A,MDD_ZUYwkLDO_LN_008_A,555-0016
003T700000Jy6jcIAB,mdd_zuywkldo_8b@perftest.example.com,MDD_ZUYwkLDO_FN_008_B,MDD_ZUYwkLDO_LN_008_B,555-0017
003T700000Jy6jdIAB,mdd_zuywkldo_9a@perftest.example.com,MDD_ZUYwkLDO_FN_009_A,MDD_ZUYwkLDO_LN_009_A,555-0018
003T700000Jy6jeIAB,mdd_zuywkldo_9b@perftest.example.com,MDD_ZUYwkLDO_FN_009_B,MDD_ZUYwkLDO_LN_009_B,555-0019
003T700000Jy6jfIAB,mdd_zuywkldo_10a@perftest.example.com,MDD_ZUYwkLDO_FN_010_A,MDD_ZUYwkLDO_LN_010_A,555-0020
003T700000Jy6jgIAB,mdd_zuywkldo_10b@perftest.example.com,MDD_ZUYwkLDO_FN_010_B,MDD_ZUYwkLDO_LN_010_B,555-0021
003T700000JySBNIA3,mdd_jxumxjgd_1a@perftest.example.com,MDD_JXumXjgd_FN_001_A,MDD_JXumXjgd_LN_001_A,555-0002
003T700000JySBOIA3,mdd_jxumxjgd_1b@perftest.example.com,MDD_JXumXjgd_FN_001_B,MDD_JXumXjgd_LN_001_B,555-0003
003T700000JySBPIA3,mdd_jxumxjgd_2a@perftest.example.com,MDD_JXumXjgd_FN_002_A,MDD_JXumXjgd_LN_002_A,555-0004
003T700000JySBQIA3,mdd_jxumxjgd_2b@perftest.example.com,MDD_JXumXjgd_FN_002_B,MDD_JXumXjgd_LN_002_B,555-0005
003T700000JySBRIA3,mdd_jxumxjgd_3a@perftest.example.com,MDD_JXumXjgd_FN_003_A,MDD_JXumXjgd_LN_003_A,555-0006
003T700000JySBSIA3,mdd_jxumxjgd_3b@perftest.example.com,MDD_JXumXjgd_FN_003_B,MDD_JXumXjgd_LN_003_B,555-0007
003T700000JySBTIA3,mdd_jxumxjgd_4a@perftest.example.com,MDD_JXumXjgd_FN_004_A,MDD_JXumXjgd_LN_004_A,555-0008
003T700000JySBUIA3,mdd_jxumxjgd_4b@perftest.example.com,MDD_JXumXjgd_FN_004_B,MDD_JXumXjgd_LN_004_B,555-0009
003T700000JySBVIA3,mdd_jxumxjgd_5a@perftest.example.com,MDD_JXumXjgd_FN_005_A,MDD_JXumXjgd_LN_005_A,555-0010
003T700000JySBWIA3,mdd_jxumxjgd_5b@perftest.example.com,MDD_JXumXjgd_FN_005_B,MDD_JXumXjgd_LN_005_B,555-0011
003T700000JySBXIA3,mdd_jxumxjgd_6a@perftest.example.com,MDD_JXumXjgd_FN_006_A,MDD_JXumXjgd_LN_006_A,555-0012
003T700000JySBYIA3,mdd_jxumxjgd_6b@perftest.example.com,MDD_JXumXjgd_FN_006_B,MDD_JXumXjgd_LN_006_B,555-0013
003T700000JySBZIA3,mdd_jxumxjgd_7a@perftest.example.com,MDD_JXumXjgd_FN_007_A,MDD_JXumXjgd_LN_007_A,555-0014
003T700000JySBaIAN,mdd_jxumxjgd_7b@perftest.example.com,MDD_JXumXjgd_FN_007_B,MDD_JXumXjgd_LN_007_B,555-0015
003T700000JySBbIAN,mdd_jxumxjgd_8a@perftest.example.com,MDD_JXumXjgd_FN_008_A,MDD_JXumXjgd_LN_008_A,555-0016
003T700000JySBcIAN,mdd_jxumxjgd_8b@perftest.example.com,MDD_JXumXjgd_FN_008_B,MDD_JXumXjgd_LN_008_B,555-0017
003T700000JySBdIAN,mdd_jxumxjgd_9a@perftest.example.com,MDD_JXumXjgd_FN_009_A,MDD_JXumXjgd_LN_009_A,555-0018
003T700000JySBeIAN,mdd_jxumxjgd_9b@perftest.example.com,MDD_JXumXjgd_FN_009_B,MDD_JXumXjgd_LN_009_B,555-0019
003T700000JySBfIAN,mdd_jxumxjgd_10a@perftest.example.com,MDD_JXumXjgd_FN_010_A,MDD_JXumXjgd_LN_010_A,555-0020
003T700000JySBgIAN,mdd_jxumxjgd_10b@perftest.example.com,MDD_JXumXjgd_FN_010_B,MDD_JXumXjgd_LN_010_B,555-0021
003T700000JyVJtIAN,mdd_63eha6pn_1a@perftest.example.com,MDD_63eHA6pN_FN_001_A,MDD_63eHA6pN_LN_001_A,555-0002
003T700000JyVJuIAN,mdd_63eha6pn_1b@perftest.example.com,MDD_63eHA6pN_FN_001_B,MDD_63eHA6pN_LN_001_B,555-0003
003T700000JyVJvIAN,mdd_63eha6pn_2a@perftest.example.com,MDD_63eHA6pN_FN_002_A,MDD_63eHA6pN_LN_002_A,555-0004
003T700000JyVJwIAN,mdd_63eha6pn_2b@perftest.example.com,MDD_63eHA6pN_FN_002_B,MDD_63eHA6pN_LN_002_B,555-0005
003T700000JyVJxIAN,mdd_63eha6pn_3a@perftest.example.com,MDD_63eHA6pN_FN_003_A,MDD_63eHA6pN_LN_003_A,555-0006
003T700000JyVJyIAN,mdd_63eha6pn_3b@perftest.example.com,MDD_63eHA6pN_FN_003_B,MDD_63eHA6pN_LN_003_B,555-0007
003T700000JyVJzIAN,mdd_63eha6pn_4a@perftest.example.com,MDD_63eHA6pN_FN_004_A,MDD_63eHA6pN_LN_004_A,555-0008
003T700000JyVK0IAN,mdd_63eha6pn_4b@perftest.example.com,MDD_63eHA6pN_FN_004_B,MDD_63eHA6pN_LN_004_B,555-0009
003T700000JyVK1IAN,mdd_63eha6pn_5a@perftest.example.com,MDD_63eHA6pN_FN_005_A,MDD_63eHA6pN_LN_005_A,555-0010
003T700000JyVK2IAN,mdd_63eha6pn_5b@perftest.example.com,MDD_63eHA6pN_FN_005_B,MDD_63eHA6pN_LN_005_B,555-0011
003T700000JyVK3IAN,mdd_63eha6pn_6a@perftest.example.com,MDD_63eHA6pN_FN_006_A,MDD_63eHA6pN_LN_006_A,555-0012
003T700000JyVK4IAN,mdd_63eha6pn_6b@perftest.example.com,MDD_63eHA6pN_FN_006_B,MDD_63eHA6pN_LN_006_B,555-0013
003T700000JyVK5IAN,mdd_63eha6pn_7a@perftest.example.com,MDD_63eHA6pN_FN_007_A,MDD_63eHA6pN_LN_007_A,555-0014
003T700000JyVK6IAN,mdd_63eha6pn_7b@perftest.example.com,MDD_63eHA6pN_FN_007_B,MDD_63eHA6pN_LN_007_B,555-0015
003T700000JyVK7IAN,mdd_63eha6pn_8a@perftest.example.com,MDD_63eHA6pN_FN_008_A,MDD_63eHA6pN_LN_008_A,555-0016
003T700000JyVK8IAN,mdd_63eha6pn_8b@perftest.example.com,MDD_63eHA6pN_FN_008_B,MDD_63eHA6pN_LN_008_B,555-0017
003T700000JyVK9IAN,mdd_63eha6pn_9a@perftest.example.com,MDD_63eHA6pN_FN_009_A,MDD_63eHA6pN_LN_009_A,555-0018
003T700000JyVKAIA3,mdd_63eha6pn_9b@perftest.example.com,MDD_63eHA6pN_FN_009_B,MDD_63eHA6pN_LN_009_B,555-0019
003T700000JyVKBIA3,mdd_63eha6pn_10a@perftest.example.com,MDD_63eHA6pN_FN_010_A,MDD_63eHA6pN_LN_010_A,555-0020
003T700000JyVKCIA3,mdd_63eha6pn_10b@perftest.example.com,MDD_63eHA6pN_FN_010_B,MDD_63eHA6pN_LN_010_B,555-0021
003T700000JyYezIAF,mdd_k0fnuasg_1a@perftest.example.com,MDD_K0FNuASg_FN_001_A,MDD_K0FNuASg_LN_001_A,555-0002
003T700000JyYf0IAF,mdd_k0fnuasg_1b@perftest.example.com,MDD_K0FNuASg_FN_001_B,MDD_K0FNuASg_LN_001_B,555-0003
003T700000JyYf1IAF,mdd_k0fnuasg_2a@perftest.example.com,MDD_K0FNuASg_FN_002_A,MDD_K0FNuASg_LN_002_A,555-0004
003T700000JyYf2IAF,mdd_k0fnuasg_2b@perftest.example.com,MDD_K0FNuASg_FN_002_B,MDD_K0FNuASg_LN_002_B,555-0005
003T700000JyYf3IAF,mdd_k0fnuasg_3a@perftest.example.com,MDD_K0FNuASg_FN_003_A,MDD_K0FNuASg_LN_003_A,555-0006
003T700000JyYf4IAF,mdd_k0fnuasg_3b@perftest.example.com,MDD_K0FNuASg_FN_003_B,MDD_K0FNuASg_LN_003_B,555-0007
003T700000JyYf5IAF,mdd_k0fnuasg_4a@perftest.example.com,MDD_K0FNuASg_FN_004_A,MDD_K0FNuASg_LN_004_A,555-0008
003T700000JyYf6IAF,mdd_k0fnuasg_4b@perftest.example.com,MDD_K0FNuASg_FN_004_B,MDD_K0FNuASg_LN_004_B,555-0009
003T700000JyYf7IAF,mdd_k0fnuasg_5a@perftest.example.com,MDD_K0FNuASg_FN_005_A,MDD_K0FNuASg_LN_005_A,555-0010
003T700000JyYf8IAF,mdd_k0fnuasg_5b@perftest.example.com,MDD_K0FNuASg_FN_005_B,MDD_K0FNuASg_LN_005_B,555-0011
003T700000JyYf9IAF,mdd_k0fnuasg_6a@perftest.example.com,MDD_K0FNuASg_FN_006_A,MDD_K0FNuASg_LN_006_A,555-0012
003T700000JyYfAIAV,mdd_k0fnuasg_6b@perftest.example.com,MDD_K0FNuASg_FN_006_B,MDD_K0FNuASg_LN_006_B,555-0013
003T700000JyYfBIAV,mdd_k0fnuasg_7a@perftest.example.com,MDD_K0FNuASg_FN_007_A,MDD_K0FNuASg_LN_007_A,555-0014
003T700000JyYfCIAV,mdd_k0fnuasg_7b@perftest.example.com,MDD_K0FNuASg_FN_007_B,MDD_K0FNuASg_LN_007_B,555-0015
003T700000JyYfDIAV,mdd_k0fnuasg_8a@perftest.example.com,MDD_K0FNuASg_FN_008_A,MDD_K0FNuASg_LN_008_A,555-0016
003T700000JyYfEIAV,mdd_k0fnuasg_8b@perftest.example.com,MDD_K0FNuASg_FN_008_B,MDD_K0FNuASg_LN_008_B,555-0017
003T700000JyYfFIAV,mdd_k0fnuasg_9a@perftest.example.com,MDD_K0FNuASg_FN_009_A,MDD_K0FNuASg_LN_009_A,555-0018
003T700000JyYfGIAV,mdd_k0fnuasg_9b@perftest.example.com,MDD_K0FNuASg_FN_009_B,MDD_K0FNuASg_LN_009_B,555-0019
003T700000JyYfHIAV,mdd_k0fnuasg_10a@perftest.example.com,MDD_K0FNuASg_FN_010_A,MDD_K0FNuASg_LN_010_A,555-0020
003T700000JyYfIIAV,mdd_k0fnuasg_10b@perftest.example.com,MDD_K0FNuASg_FN_010_B,MDD_K0FNuASg_LN_010_B,555-0021
003T700000JyYzJIAV,mdd_5egqmgte_1a@perftest.example.com,MDD_5EgqMGtE_FN_001_A,MDD_5EgqMGtE_LN_001_A,555-0002
003T700000JyYzKIAV,mdd_5egqmgte_1b@perftest.example.com,MDD_5EgqMGtE_FN_001_B,MDD_5EgqMGtE_LN_001_B,555-0003
003T700000JyYzLIAV,mdd_5egqmgte_2a@perftest.example.com,MDD_5EgqMGtE_FN_002_A,MDD_5EgqMGtE_LN_002_A,555-0004
003T700000JyYzMIAV,mdd_5egqmgte_2b@perftest.example.com,MDD_5EgqMGtE_FN_002_B,MDD_5EgqMGtE_LN_002_B,555-0005
003T700000JyYzNIAV,mdd_5egqmgte_3a@perftest.example.com,MDD_5EgqMGtE_FN_003_A,MDD_5EgqMGtE_LN_003_A,555-0006
003T700000JyYzOIAV,mdd_5egqmgte_3b@perftest.example.com,MDD_5EgqMGtE_FN_003_B,MDD_5EgqMGtE_LN_003_B,555-0007
003T700000JyYzPIAV,mdd_5egqmgte_4a@perftest.example.com,MDD_5EgqMGtE_FN_004_A,MDD_5EgqMGtE_LN_004_A,555-0008
003T700000JyYzQIAV,mdd_5egqmgte_4b@perftest.example.com,MDD_5EgqMGtE_FN_004_B,MDD_5EgqMGtE_LN_004_B,555-0009
003T700000JyYzRIAV,mdd_5egqmgte_5a@perftest.example.com,MDD_5EgqMGtE_FN_005_A,MDD_5EgqMGtE_LN_005_A,555-0010
003T700000JyYzSIAV,mdd_5egqmgte_5b@perftest.example.com,MDD_5EgqMGtE_FN_005_B,MDD_5EgqMGtE_LN_005_B,555-0011
003T700000JyYzTIAV,mdd_5egqmgte_6a@perftest.example.com,MDD_5EgqMGtE_FN_006_A,MDD_5EgqMGtE_LN_006_A,555-0012
003T700000JyYzUIAV,mdd_5egqmgte_6b@perftest.example.com,MDD_5EgqMGtE_FN_006_B,MDD_5EgqMGtE_LN_006_B,555-0013
003T700000JyYzVIAV,mdd_5egqmgte_7a@perftest.example.com,MDD_5EgqMGtE_FN_007_A,MDD_5EgqMGtE_LN_007_A,555-0014
003T700000JyYzWIAV,mdd_5egqmgte_7b@perftest.example.com,MDD_5EgqMGtE_FN_007_B,MDD_5EgqMGtE_LN_007_B,555-0015
003T700000JyYzXIAV,mdd_5egqmgte_8a@perftest.example.com,MDD_5EgqMGtE_FN_008_A,MDD_5EgqMGtE_LN_008_A,555-0016
003T700000JyYzYIAV,mdd_5egqmgte_8b@perftest.example.com,MDD_5EgqMGtE_FN_008_B,MDD_5EgqMGtE_LN_008_B,555-0017
003T700000JyYzZIAV,mdd_5egqmgte_9a@perftest.example.com,MDD_5EgqMGtE_FN_009_A,MDD_5EgqMGtE_LN_009_A,555-0018
003T700000JyYzaIAF,mdd_5egqmgte_9b@perftest.example.com,MDD_5EgqMGtE_FN_009_B,MDD_5EgqMGtE_LN_009_B,555-0019
003T700000JyYzbIAF,mdd_5egqmgte_10a@perftest.example.com,MDD_5EgqMGtE_FN_010_A,MDD_5EgqMGtE_LN_010_A,555-0020
003T700000JyYzcIAF,mdd_5egqmgte_10b@perftest.example.com,MDD_5EgqMGtE_FN_010_B,MDD_5EgqMGtE_LN_010_B,555-0021
003T700000JyrUjIAJ,mdd_lh2fy01v_1a@perftest.example.com,MDD_Lh2Fy01v_FN_001_A,MDD_Lh2Fy01v_LN_001_A,555-0002
003T700000JyrUkIAJ,mdd_lh2fy01v_1b@perftest.example.com,MDD_Lh2Fy01v_FN_001_B,MDD_Lh2Fy01v_LN_001_B,555-0003
003T700000JyrUlIAJ,mdd_lh2fy01v_2a@perftest.example.com,MDD_Lh2Fy01v_FN_002_A,MDD_Lh2Fy01v_LN_002_A,555-0004
003T700000JyrUmIAJ,mdd_lh2fy01v_2b@perftest.example.com,MDD_Lh2Fy01v_FN_002_B,MDD_Lh2Fy01v_LN_002_B,555-0005
003T700000JyrUnIAJ,mdd_lh2fy01v_3a@perftest.example.com,MDD_Lh2Fy01v_FN_003_A,MDD_Lh2Fy01v_LN_003_A,555-0006
003T700000JyrUoIAJ,mdd_lh2fy01v_3b@perftest.example.com,MDD_Lh2Fy01v_FN_003_B,MDD_Lh2Fy01v_LN_003_B,555-0007
003T700000JyrUpIAJ,mdd_lh2fy01v_4a@perftest.example.com,MDD_Lh2Fy01v_FN_004_A,MDD_Lh2Fy01v_LN_004_A,555-0008
003T700000JyrUqIAJ,mdd_lh2fy01v_4b@perftest.example.com,MDD_Lh2Fy01v_FN_004_B,MDD_Lh2Fy01v_LN_004_B,555-0009
003T700000JyrUrIAJ,mdd_lh2fy01v_5a@perftest.example.com,MDD_Lh2Fy01v_FN_005_A,MDD_Lh2Fy01v_LN_005_A,555-0010
003T700000JyrUsIAJ,mdd_lh2fy01v_5b@perftest.example.com,MDD_Lh2Fy01v_FN_005_B,MDD_Lh2Fy01v_LN_005_B,555-0011
003T700000JyrUtIAJ,mdd_lh2fy01v_6a@perftest.example.com,MDD_Lh2Fy01v_FN_006_A,MDD_Lh2Fy01v_LN_006_A,555-0012
003T700000JyrUuIAJ,mdd_lh2fy01v_6b@perftest.example.com,MDD_Lh2Fy01v_FN_006_B,MDD_Lh2Fy01v_LN_006_B,555-0013
003T700000JyrUvIAJ,mdd_lh2fy01v_7a@perftest.example.com,MDD_Lh2Fy01v_FN_007_A,MDD_Lh2Fy01v_LN_007_A,555-0014
003T700000JyrUwIAJ,mdd_lh2fy01v_7b@perftest.example.com,MDD_Lh2Fy01v_FN_007_B,MDD_Lh2Fy01v_LN_007_B,555-0015
003T700000JyrUxIAJ,mdd_lh2fy01v_8a@perftest.example.com,MDD_Lh2Fy01v_FN_008_A,MDD_Lh2Fy01v_LN_008_A,555-0016
003T700000JyrUyIAJ,mdd_lh2fy01v_8b@perftest.example.com,MDD_Lh2Fy01v_FN_008_B,MDD_Lh2Fy01v_LN_008_B,555-0017
003T700000JyrUzIAJ,mdd_lh2fy01v_9a@perftest.example.com,MDD_Lh2Fy01v_FN_009_A,MDD_Lh2Fy01v_LN_009_A,555-0018
003T700000JyrV0IAJ,mdd_lh2fy01v_9b@perftest.example.com,MDD_Lh2Fy01v_FN_009_B,MDD_Lh2Fy01v_LN_009_B,555-0019
003T700000JyrV1IAJ,mdd_lh2fy01v_10a@perftest.example.com,MDD_Lh2Fy01v_FN_010_A,MDD_Lh2Fy01v_LN_010_A,555-0020
003T700000JyrV2IAJ,mdd_lh2fy01v_10b@perftest.example.com,MDD_Lh2Fy01v_FN_010_B,MDD_Lh2Fy01v_LN_010_B,555-0021
003T700000JzKtJIAV,awil_gg3vcuak_1a@perftest.example.com,AWIL_GG3VCuaK_FN_001_A,AWIL_GG3VCuaK_LN_001_A,555-0002
003T700000JzKtKIAV,awil_gg3vcuak_1b@perftest.example.com,AWIL_GG3VCuaK_FN_001_B,AWIL_GG3VCuaK_LN_001_B,555-0003
003T700000JzOH1IAN,awil_xsat9lnh_1a@perftest.example.com,AWIL_XSaT9lNH_FN_001_A,AWIL_XSaT9lNH_LN_001_A,555-0002
003T700000JzOH2IAN,awil_xsat9lnh_1b@perftest.example.com,AWIL_XSaT9lNH_FN_001_B,AWIL_XSaT9lNH_LN_001_B,555-0003
003T700000JzOTvIAN,awil_khhlrfy2_1a@perftest.example.com,AWIL_KHHLrfY2_FN_001_A,AWIL_KHHLrfY2_LN_001_A,555-0002
003T700000JzOTwIAN,awil_khhlrfy2_1b@perftest.example.com,AWIL_KHHLrfY2_FN_001_B,AWIL_KHHLrfY2_LN_001_B,555-0003
003T700000JzOqTIAV,awil_gvqwyeq2_1a@perftest.example.com,AWIL_gvQWyEQ2_FN_001_A,AWIL_gvQWyEQ2_LN_001_A,555-0002
003T700000JzOqUIAV,awil_gvqwyeq2_1b@perftest.example.com,AWIL_gvQWyEQ2_FN_001_B,AWIL_gvQWyEQ2_LN_001_B,555-0003
003T700000JzP6bIAF,awil_r8ucqsmc_1a@perftest.example.com,AWIL_R8Ucqsmc_FN_001_A,AWIL_R8Ucqsmc_LN_001_A,555-0002
003T700000JzP6cIAF,awil_r8ucqsmc_1b@perftest.example.com,AWIL_R8Ucqsmc_FN_001_B,AWIL_R8Ucqsmc_LN_001_B,555-0003
003T700000JzPubIAF,awil_st5fre3j_1a@perftest.example.com,AWIL_ST5Fre3j_FN_001_A,AWIL_ST5Fre3j_LN_001_A,555-0002
003T700000JzPucIAF,awil_st5fre3j_1b@perftest.example.com,AWIL_ST5Fre3j_FN_001_B,AWIL_ST5Fre3j_LN_001_B,555-0003
003T700000JzS4TIAV,awil_lpu9sruo_1a@perftest.example.com,AWIL_LpU9sRUO_FN_001_A,AWIL_LpU9sRUO_LN_001_A,555-0002
003T700000JzS4UIAV,awil_lpu9sruo_1b@perftest.example.com,AWIL_LpU9sRUO_FN_001_B,AWIL_LpU9sRUO_LN_001_B,555-0003
003T700000JzSPRIA3,awil_is1sxtjm_1a@perftest.example.com,AWIL_is1SxTjm_FN_001_A,AWIL_is1SxTjm_LN_001_A,555-0002
003T700000JzSPSIA3,awil_is1sxtjm_1b@perftest.example.com,AWIL_is1SxTjm_FN_001_B,AWIL_is1SxTjm_LN_001_B,555-0003
003T700000JzSqrIAF,awil_pxotwy0j_1a@perftest.example.com,AWIL_pXoTWY0J_FN_001_A,AWIL_pXoTWY0J_LN_001_A,555-0002
003T700000JzSqsIAF,awil_pxotwy0j_1b@perftest.example.com,AWIL_pXoTWY0J_FN_001_B,AWIL_pXoTWY0J_LN_001_B,555-0003
003T700000JzUavIAF,awil_bhvz91fj_1a@perftest.example.com,AWIL_bHvz91FJ_FN_001_A,AWIL_bHvz91FJ_LN_001_A,555-0002
003T700000JzUawIAF,awil_bhvz91fj_1b@perftest.example.com,AWIL_bHvz91FJ_FN_001_B,AWIL_bHvz91FJ_LN_001_B,555-0003
003T700000JzUaxIAF,awil_bhvz91fj_2a@perftest.example.com,AWIL_bHvz91FJ_FN_002_A,AWIL_bHvz91FJ_LN_002_A,555-0004
003T700000JzUayIAF,awil_bhvz91fj_2b@perftest.example.com,AWIL_bHvz91FJ_FN_002_B,AWIL_bHvz91FJ_LN_002_B,555-0005
003T700000JzUazIAF,awil_bhvz91fj_3a@perftest.example.com,AWIL_bHvz91FJ_FN_003_A,AWIL_bHvz91FJ_LN_003_A,555-0006
003T700000JzUb0IAF,awil_bhvz91fj_3b@perftest.example.com,AWIL_bHvz91FJ_FN_003_B,AWIL_bHvz91FJ_LN_003_B,555-0007
003T700000JzUb1IAF,awil_bhvz91fj_4a@perftest.example.com,AWIL_bHvz91FJ_FN_004_A,AWIL_bHvz91FJ_LN_004_A,555-0008
003T700000JzUb2IAF,awil_bhvz91fj_4b@perftest.example.com,AWIL_bHvz91FJ_FN_004_B,AWIL_bHvz91FJ_LN_004_B,555-0009
003T700000JzUb3IAF,awil_bhvz91fj_5a@perftest.example.com,AWIL_bHvz91FJ_FN_005_A,AWIL_bHvz91FJ_LN_005_A,555-0010
003T700000JzUb4IAF,awil_bhvz91fj_5b@perftest.example.com,AWIL_bHvz91FJ_FN_005_B,AWIL_bHvz91FJ_LN_005_B,555-0011
003T700000JzUb5IAF,awil_bhvz91fj_6a@perftest.example.com,AWIL_bHvz91FJ_FN_006_A,AWIL_bHvz91FJ_LN_006_A,555-0012
003T700000JzUb6IAF,awil_bhvz91fj_6b@perftest.example.com,AWIL_bHvz91FJ_FN_006_B,AWIL_bHvz91FJ_LN_006_B,555-0013
003T700000JzUb7IAF,awil_bhvz91fj_7a@perftest.example.com,AWIL_bHvz91FJ_FN_007_A,AWIL_bHvz91FJ_LN_007_A,555-0014
003T700000JzUb8IAF,awil_bhvz91fj_7b@perftest.example.com,AWIL_bHvz91FJ_FN_007_B,AWIL_bHvz91FJ_LN_007_B,555-0015
003T700000JzUb9IAF,awil_bhvz91fj_8a@perftest.example.com,AWIL_bHvz91FJ_FN_008_A,AWIL_bHvz91FJ_LN_008_A,555-0016
003T700000JzUbAIAV,awil_bhvz91fj_8b@perftest.example.com,AWIL_bHvz91FJ_FN_008_B,AWIL_bHvz91FJ_LN_008_B,555-0017
003T700000JzUbBIAV,awil_bhvz91fj_9a@perftest.example.com,AWIL_bHvz91FJ_FN_009_A,AWIL_bHvz91FJ_LN_009_A,555-0018
003T700000JzUbCIAV,awil_bhvz91fj_9b@perftest.example.com,AWIL_bHvz91FJ_FN_009_B,AWIL_bHvz91FJ_LN_009_B,555-0019
003T700000JzUbDIAV,awil_bhvz91fj_10a@perftest.example.com,AWIL_bHvz91FJ_FN_010_A,AWIL_bHvz91FJ_LN_010_A,555-0020
003T700000JzUbEIAV,awil_bhvz91fj_10b@perftest.example.com,AWIL_bHvz91FJ_FN_010_B,AWIL_bHvz91FJ_LN_010_B,555-0021
003T700000JzbyzIAB,qwil_klrwj4bd_1a@perftest.example.com,QWIL_klrWJ4bd_FN_001_A,QWIL_klrWJ4bd_LN_001_A,555-0002
003T700000Jzbz0IAB,qwil_klrwj4bd_1b@perftest.example.com,QWIL_klrWJ4bd_FN_001_B,QWIL_klrWJ4bd_LN_001_B,555-0003
003T700000Jzbz1IAB,qwil_klrwj4bd_2a@perftest.example.com,QWIL_klrWJ4bd_FN_002_A,QWIL_klrWJ4bd_LN_002_A,555-0004
003T700000Jzbz2IAB,qwil_klrwj4bd_2b@perftest.example.com,QWIL_klrWJ4bd_FN_002_B,QWIL_klrWJ4bd_LN_002_B,555-0005
003T700000Jzbz3IAB,qwil_klrwj4bd_3a@perftest.example.com,QWIL_klrWJ4bd_FN_003_A,QWIL_klrWJ4bd_LN_003_A,555-0006
003T700000Jzbz4IAB,qwil_klrwj4bd_3b@perftest.example.com,QWIL_klrWJ4bd_FN_003_B,QWIL_klrWJ4bd_LN_003_B,555-0007
003T700000Jzbz5IAB,qwil_klrwj4bd_4a@perftest.example.com,QWIL_klrWJ4bd_FN_004_A,QWIL_klrWJ4bd_LN_004_A,555-0008
003T700000Jzbz6IAB,qwil_klrwj4bd_4b@perftest.example.com,QWIL_klrWJ4bd_FN_004_B,QWIL_klrWJ4bd_LN_004_B,555-0009
003T700000Jzbz7IAB,qwil_klrwj4bd_5a@perftest.example.com,QWIL_klrWJ4bd_FN_005_A,QWIL_klrWJ4bd_LN_005_A,555-0010
003T700000Jzbz8IAB,qwil_klrwj4bd_5b@perftest.example.com,QWIL_klrWJ4bd_FN_005_B,QWIL_klrWJ4bd_LN_005_B,555-0011
003T700000Jzbz9IAB,qwil_klrwj4bd_6a@perftest.example.com,QWIL_klrWJ4bd_FN_006_A,QWIL_klrWJ4bd_LN_006_A,555-0012
003T700000JzbzAIAR,qwil_klrwj4bd_6b@perftest.example.com,QWIL_klrWJ4bd_FN_006_B,QWIL_klrWJ4bd_LN_006_B,555-0013
003T700000JzbzBIAR,qwil_klrwj4bd_7a@perftest.example.com,QWIL_klrWJ4bd_FN_007_A,QWIL_klrWJ4bd_LN_007_A,555-0014
003T700000JzbzCIAR,qwil_klrwj4bd_7b@perftest.example.com,QWIL_klrWJ4bd_FN_007_B,QWIL_klrWJ4bd_LN_007_B,555-0015
003T700000JzbzDIAR,qwil_klrwj4bd_8a@perftest.example.com,QWIL_klrWJ4bd_FN_008_A,QWIL_klrWJ4bd_LN_008_A,555-0016
003T700000JzbzEIAR,qwil_klrwj4bd_8b@perftest.example.com,QWIL_klrWJ4bd_FN_008_B,QWIL_klrWJ4bd_LN_008_B,555-0017
003T700000JzbzFIAR,qwil_klrwj4bd_9a@perftest.example.com,QWIL_klrWJ4bd_FN_009_A,QWIL_klrWJ4bd_LN_009_A,555-0018
003T700000JzbzGIAR,qwil_klrwj4bd_9b@perftest.example.com,QWIL_klrWJ4bd_FN_009_B,QWIL_klrWJ4bd_LN_009_B,555-0019
003T700000JzbzHIAR,qwil_klrwj4bd_10a@perftest.example.com,QWIL_klrWJ4bd_FN_010_A,QWIL_klrWJ4bd_LN_010_A,555-0020
003T700000JzbzIIAR,qwil_klrwj4bd_10b@perftest.example.com,QWIL_klrWJ4bd_FN_010_B,QWIL_klrWJ4bd_LN_010_B,555-0021
003T700000JzbzJIAR,qwil_klrwj4bd_11a@perftest.example.com,QWIL_klrWJ4bd_FN_011_A,QWIL_klrWJ4bd_LN_011_A,555-0022
003T700000JzbzKIAR,qwil_klrwj4bd_11b@perftest.example.com,QWIL_klrWJ4bd_FN_011_B,QWIL_klrWJ4bd_LN_011_B,555-0023
003T700000JzbzLIAR,qwil_klrwj4bd_12a@perftest.example.com,QWIL_klrWJ4bd_FN_012_A,QWIL_klrWJ4bd_LN_012_A,555-0024
003T700000JzbzMIAR,qwil_klrwj4bd_12b@perftest.example.com,QWIL_klrWJ4bd_FN_012_B,QWIL_klrWJ4bd_LN_012_B,555-0025
003T700000JzbzNIAR,qwil_klrwj4bd_13a@perftest.example.com,QWIL_klrWJ4bd_FN_013_A,QWIL_klrWJ4bd_LN_013_A,555-0026
003T700000JzbzOIAR,qwil_klrwj4bd_13b@perftest.example.com,QWIL_klrWJ4bd_FN_013_B,QWIL_klrWJ4bd_LN_013_B,555-0027
003T700000JzbzPIAR,qwil_klrwj4bd_14a@perftest.example.com,QWIL_klrWJ4bd_FN_014_A,QWIL_klrWJ4bd_LN_014_A,555-0028
003T700000JzbzQIAR,qwil_klrwj4bd_14b@perftest.example.com,QWIL_klrWJ4bd_FN_014_B,QWIL_klrWJ4bd_LN_014_B,555-0029
003T700000JzbzRIAR,qwil_klrwj4bd_15a@perftest.example.com,QWIL_klrWJ4bd_FN_015_A,QWIL_klrWJ4bd_LN_015_A,555-0030
003T700000JzbzSIAR,qwil_klrwj4bd_15b@perftest.example.com,QWIL_klrWJ4bd_FN_015_B,QWIL_klrWJ4bd_LN_015_B,555-0031
003T700000JzbzTIAR,qwil_klrwj4bd_16a@perftest.example.com,QWIL_klrWJ4bd_FN_016_A,QWIL_klrWJ4bd_LN_016_A,555-0032
003T700000JzbzUIAR,qwil_klrwj4bd_16b@perftest.example.com,QWIL_klrWJ4bd_FN_016_B,QWIL_klrWJ4bd_LN_016_B,555-0033
003T700000JzbzVIAR,qwil_klrwj4bd_17a@perftest.example.com,QWIL_klrWJ4bd_FN_017_A,QWIL_klrWJ4bd_LN_017_A,555-0034
003T700000JzbzWIAR,qwil_klrwj4bd_17b@perftest.example.com,QWIL_klrWJ4bd_FN_017_B,QWIL_klrWJ4bd_LN_017_B,555-0035
003T700000JzbzXIAR,qwil_klrwj4bd_18a@perftest.example.com,QWIL_klrWJ4bd_FN_018_A,QWIL_klrWJ4bd_LN_018_A,555-0036
003T700000JzbzYIAR,qwil_klrwj4bd_18b@perftest.example.com,QWIL_klrWJ4bd_FN_018_B,QWIL_klrWJ4bd_LN_018_B,555-0037
003T700000JzbzZIAR,qwil_klrwj4bd_19a@perftest.example.com,QWIL_klrWJ4bd_FN_019_A,QWIL_klrWJ4bd_LN_019_A,555-0038
003T700000JzbzaIAB,qwil_klrwj4bd_19b@perftest.example.com,QWIL_klrWJ4bd_FN_019_B,QWIL_klrWJ4bd_LN_019_B,555-0039
003T700000JzbzbIAB,qwil_klrwj4bd_20a@perftest.example.com,QWIL_klrWJ4bd_FN_020_A,QWIL_klrWJ4bd_LN_020_A,555-0040
003T700000JzbzcIAB,qwil_klrwj4bd_20b@perftest.example.com,QWIL_klrWJ4bd_FN_020_B,QWIL_klrWJ4bd_LN_020_B,555-0041
003T700000JzbzdIAB,qwil_klrwj4bd_21a@perftest.example.com,QWIL_klrWJ4bd_FN_021_A,QWIL_klrWJ4bd_LN_021_A,555-0042
003T700000JzbzeIAB,qwil_klrwj4bd_21b@perftest.example.com,QWIL_klrWJ4bd_FN_021_B,QWIL_klrWJ4bd_LN_021_B,555-0043
003T700000JzbzfIAB,qwil_klrwj4bd_22a@perftest.example.com,QWIL_klrWJ4bd_FN_022_A,QWIL_klrWJ4bd_LN_022_A,555-0044
003T700000JzbzgIAB,qwil_klrwj4bd_22b@perftest.example.com,QWIL_klrWJ4bd_FN_022_B,QWIL_klrWJ4bd_LN_022_B,555-0045
003T700000JzbzhIAB,qwil_klrwj4bd_23a@perftest.example.com,QWIL_klrWJ4bd_FN_023_A,QWIL_klrWJ4bd_LN_023_A,555-0046
003T700000JzbziIAB,qwil_klrwj4bd_23b@perftest.example.com,QWIL_klrWJ4bd_FN_023_B,QWIL_klrWJ4bd_LN_023_B,555-0047
003T700000JzbzjIAB,qwil_klrwj4bd_24a@perftest.example.com,QWIL_klrWJ4bd_FN_024_A,QWIL_klrWJ4bd_LN_024_A,555-0048
003T700000JzbzkIAB,qwil_klrwj4bd_24b@perftest.example.com,QWIL_klrWJ4bd_FN_024_B,QWIL_klrWJ4bd_LN_024_B,555-0049
003T700000JzbzlIAB,qwil_klrwj4bd_25a@perftest.example.com,QWIL_klrWJ4bd_FN_025_A,QWIL_klrWJ4bd_LN_025_A,555-0050
003T700000JzbzmIAB,qwil_klrwj4bd_25b@perftest.example.com,QWIL_klrWJ4bd_FN_025_B,QWIL_klrWJ4bd_LN_025_B,555-0051
003T700000JzbznIAB,qwil_klrwj4bd_26a@perftest.example.com,QWIL_klrWJ4bd_FN_026_A,QWIL_klrWJ4bd_LN_026_A,555-0052
003T700000JzbzoIAB,qwil_klrwj4bd_26b@perftest.example.com,QWIL_klrWJ4bd_FN_026_B,QWIL_klrWJ4bd_LN_026_B,555-0053
003T700000JzbzpIAB,qwil_klrwj4bd_27a@perftest.example.com,QWIL_klrWJ4bd_FN_027_A,QWIL_klrWJ4bd_LN_027_A,555-0054
003T700000JzbzqIAB,qwil_klrwj4bd_27b@perftest.example.com,QWIL_klrWJ4bd_FN_027_B,QWIL_klrWJ4bd_LN_027_B,555-0055
003T700000JzbzrIAB,qwil_klrwj4bd_28a@perftest.example.com,QWIL_klrWJ4bd_FN_028_A,QWIL_klrWJ4bd_LN_028_A,555-0056
003T700000JzbzsIAB,qwil_klrwj4bd_28b@perftest.example.com,QWIL_klrWJ4bd_FN_028_B,QWIL_klrWJ4bd_LN_028_B,555-0057
003T700000JzbztIAB,qwil_klrwj4bd_29a@perftest.example.com,QWIL_klrWJ4bd_FN_029_A,QWIL_klrWJ4bd_LN_029_A,555-0058
003T700000JzbzuIAB,qwil_klrwj4bd_29b@perftest.example.com,QWIL_klrWJ4bd_FN_029_B,QWIL_klrWJ4bd_LN_029_B,555-0059
003T700000JzbzvIAB,qwil_klrwj4bd_30a@perftest.example.com,QWIL_klrWJ4bd_FN_030_A,QWIL_klrWJ4bd_LN_030_A,555-0060
003T700000JzbzwIAB,qwil_klrwj4bd_30b@perftest.example.com,QWIL_klrWJ4bd_FN_030_B,QWIL_klrWJ4bd_LN_030_B,555-0061
003T700000JzbzxIAB,qwil_klrwj4bd_31a@perftest.example.com,QWIL_klrWJ4bd_FN_031_A,QWIL_klrWJ4bd_LN_031_A,555-0062
003T700000JzbzyIAB,qwil_klrwj4bd_31b@perftest.example.com,QWIL_klrWJ4bd_FN_031_B,QWIL_klrWJ4bd_LN_031_B,555-0063
003T700000JzbzzIAB,qwil_klrwj4bd_32a@perftest.example.com,QWIL_klrWJ4bd_FN_032_A,QWIL_klrWJ4bd_LN_032_A,555-0064
003T700000Jzc00IAB,qwil_klrwj4bd_32b@perftest.example.com,QWIL_klrWJ4bd_FN_032_B,QWIL_klrWJ4bd_LN_032_B,555-0065
003T700000Jzc01IAB,qwil_klrwj4bd_33a@perftest.example.com,QWIL_klrWJ4bd_FN_033_A,QWIL_klrWJ4bd_LN_033_A,555-0066
003T700000Jzc02IAB,qwil_klrwj4bd_33b@perftest.example.com,QWIL_klrWJ4bd_FN_033_B,QWIL_klrWJ4bd_LN_033_B,555-0067
003T700000Jzc03IAB,qwil_klrwj4bd_34a@perftest.example.com,QWIL_klrWJ4bd_FN_034_A,QWIL_klrWJ4bd_LN_034_A,555-0068
003T700000Jzc04IAB,qwil_klrwj4bd_34b@perftest.example.com,QWIL_klrWJ4bd_FN_034_B,QWIL_klrWJ4bd_LN_034_B,555-0069
003T700000Jzc05IAB,qwil_klrwj4bd_35a@perftest.example.com,QWIL_klrWJ4bd_FN_035_A,QWIL_klrWJ4bd_LN_035_A,555-0070
003T700000Jzc06IAB,qwil_klrwj4bd_35b@perftest.example.com,QWIL_klrWJ4bd_FN_035_B,QWIL_klrWJ4bd_LN_035_B,555-0071
003T700000Jzc07IAB,qwil_klrwj4bd_36a@perftest.example.com,QWIL_klrWJ4bd_FN_036_A,QWIL_klrWJ4bd_LN_036_A,555-0072
003T700000Jzc08IAB,qwil_klrwj4bd_36b@perftest.example.com,QWIL_klrWJ4bd_FN_036_B,QWIL_klrWJ4bd_LN_036_B,555-0073
003T700000Jzc09IAB,qwil_klrwj4bd_37a@perftest.example.com,QWIL_klrWJ4bd_FN_037_A,QWIL_klrWJ4bd_LN_037_A,555-0074
003T700000Jzc0AIAR,qwil_klrwj4bd_37b@perftest.example.com,QWIL_klrWJ4bd_FN_037_B,QWIL_klrWJ4bd_LN_037_B,555-0075
003T700000Jzc0BIAR,qwil_klrwj4bd_38a@perftest.example.com,QWIL_klrWJ4bd_FN_038_A,QWIL_klrWJ4bd_LN_038_A,555-0076
003T700000Jzc0CIAR,qwil_klrwj4bd_38b@perftest.example.com,QWIL_klrWJ4bd_FN_038_B,QWIL_klrWJ4bd_LN_038_B,555-0077
003T700000Jzc0DIAR,qwil_klrwj4bd_39a@perftest.example.com,QWIL_klrWJ4bd_FN_039_A,QWIL_klrWJ4bd_LN_039_A,555-0078
003T700000Jzc0EIAR,qwil_klrwj4bd_39b@perftest.example.com,QWIL_klrWJ4bd_FN_039_B,QWIL_klrWJ4bd_LN_039_B,555-0079
003T700000Jzc0FIAR,qwil_klrwj4bd_40a@perftest.example.com,QWIL_klrWJ4bd_FN_040_A,QWIL_klrWJ4bd_LN_040_A,555-0080
003T700000Jzc0GIAR,qwil_klrwj4bd_40b@perftest.example.com,QWIL_klrWJ4bd_FN_040_B,QWIL_klrWJ4bd_LN_040_B,555-0081
003T700000Jzc0HIAR,qwil_klrwj4bd_41a@perftest.example.com,QWIL_klrWJ4bd_FN_041_A,QWIL_klrWJ4bd_LN_041_A,555-0082
003T700000Jzc0IIAR,qwil_klrwj4bd_41b@perftest.example.com,QWIL_klrWJ4bd_FN_041_B,QWIL_klrWJ4bd_LN_041_B,555-0083
003T700000Jzc0JIAR,qwil_klrwj4bd_42a@perftest.example.com,QWIL_klrWJ4bd_FN_042_A,QWIL_klrWJ4bd_LN_042_A,555-0084
003T700000Jzc0KIAR,qwil_klrwj4bd_42b@perftest.example.com,QWIL_klrWJ4bd_FN_042_B,QWIL_klrWJ4bd_LN_042_B,555-0085
003T700000Jzc0LIAR,qwil_klrwj4bd_43a@perftest.example.com,QWIL_klrWJ4bd_FN_043_A,QWIL_klrWJ4bd_LN_043_A,555-0086
003T700000Jzc0MIAR,qwil_klrwj4bd_43b@perftest.example.com,QWIL_klrWJ4bd_FN_043_B,QWIL_klrWJ4bd_LN_043_B,555-0087
003T700000Jzc0NIAR,qwil_klrwj4bd_44a@perftest.example.com,QWIL_klrWJ4bd_FN_044_A,QWIL_klrWJ4bd_LN_044_A,555-0088
003T700000Jzc0OIAR,qwil_klrwj4bd_44b@perftest.example.com,QWIL_klrWJ4bd_FN_044_B,QWIL_klrWJ4bd_LN_044_B,555-0089
003T700000Jzc0PIAR,qwil_klrwj4bd_45a@perftest.example.com,QWIL_klrWJ4bd_FN_045_A,QWIL_klrWJ4bd_LN_045_A,555-0090
003T700000Jzc0QIAR,qwil_klrwj4bd_45b@perftest.example.com,QWIL_klrWJ4bd_FN_045_B,QWIL_klrWJ4bd_LN_045_B,555-0091
003T700000Jzc0RIAR,qwil_klrwj4bd_46a@perftest.example.com,QWIL_klrWJ4bd_FN_046_A,QWIL_klrWJ4bd_LN_046_A,555-0092
003T700000Jzc0SIAR,qwil_klrwj4bd_46b@perftest.example.com,QWIL_klrWJ4bd_FN_046_B,QWIL_klrWJ4bd_LN_046_B,555-0093
003T700000Jzc0TIAR,qwil_klrwj4bd_47a@perftest.example.com,QWIL_klrWJ4bd_FN_047_A,QWIL_klrWJ4bd_LN_047_A,555-0094
003T700000Jzc0UIAR,qwil_klrwj4bd_47b@perftest.example.com,QWIL_klrWJ4bd_FN_047_B,QWIL_klrWJ4bd_LN_047_B,555-0095
003T700000Jzc0VIAR,qwil_klrwj4bd_48a@perftest.example.com,QWIL_klrWJ4bd_FN_048_A,QWIL_klrWJ4bd_LN_048_A,555-0096
003T700000Jzc0WIAR,qwil_klrwj4bd_48b@perftest.example.com,QWIL_klrWJ4bd_FN_048_B,QWIL_klrWJ4bd_LN_048_B,555-0097
003T700000Jzc0XIAR,qwil_klrwj4bd_49a@perftest.example.com,QWIL_klrWJ4bd_FN_049_A,QWIL_klrWJ4bd_LN_049_A,555-0098
003T700000Jzc0YIAR,qwil_klrwj4bd_49b@perftest.example.com,QWIL_klrWJ4bd_FN_049_B,QWIL_klrWJ4bd_LN_049_B,555-0099
003T700000Jzc0ZIAR,qwil_klrwj4bd_50a@perftest.example.com,QWIL_klrWJ4bd_FN_050_A,QWIL_klrWJ4bd_LN_050_A,555-0100
003T700000Jzc0aIAB,qwil_klrwj4bd_50b@perftest.example.com,QWIL_klrWJ4bd_FN_050_B,QWIL_klrWJ4bd_LN_050_B,555-0101
003T700000Jzc0bIAB,qwil_klrwj4bd_51a@perftest.example.com,QWIL_klrWJ4bd_FN_051_A,QWIL_klrWJ4bd_LN_051_A,555-0102
003T700000Jzc0cIAB,qwil_klrwj4bd_51b@perftest.example.com,QWIL_klrWJ4bd_FN_051_B,QWIL_klrWJ4bd_LN_051_B,555-0103
003T700000Jzc0dIAB,qwil_klrwj4bd_52a@perftest.example.com,QWIL_klrWJ4bd_FN_052_A,QWIL_klrWJ4bd_LN_052_A,555-0104
003T700000Jzc0eIAB,qwil_klrwj4bd_52b@perftest.example.com,QWIL_klrWJ4bd_FN_052_B,QWIL_klrWJ4bd_LN_052_B,555-0105
003T700000Jzc0fIAB,qwil_klrwj4bd_53a@perftest.example.com,QWIL_klrWJ4bd_FN_053_A,QWIL_klrWJ4bd_LN_053_A,555-0106
003T700000Jzc0gIAB,qwil_klrwj4bd_53b@perftest.example.com,QWIL_klrWJ4bd_FN_053_B,QWIL_klrWJ4bd_LN_053_B,555-0107
003T700000Jzc0hIAB,qwil_klrwj4bd_54a@perftest.example.com,QWIL_klrWJ4bd_FN_054_A,QWIL_klrWJ4bd_LN_054_A,555-0108
003T700000Jzc0iIAB,qwil_klrwj4bd_54b@perftest.example.com,QWIL_klrWJ4bd_FN_054_B,QWIL_klrWJ4bd_LN_054_B,555-0109
003T700000Jzc0jIAB,qwil_klrwj4bd_55a@perftest.example.com,QWIL_klrWJ4bd_FN_055_A,QWIL_klrWJ4bd_LN_055_A,555-0110
003T700000Jzc0kIAB,qwil_klrwj4bd_55b@perftest.example.com,QWIL_klrWJ4bd_FN_055_B,QWIL_klrWJ4bd_LN_055_B,555-0111
003T700000Jzc0lIAB,qwil_klrwj4bd_56a@perftest.example.com,QWIL_klrWJ4bd_FN_056_A,QWIL_klrWJ4bd_LN_056_A,555-0112
003T700000Jzc0mIAB,qwil_klrwj4bd_56b@perftest.example.com,QWIL_klrWJ4bd_FN_056_B,QWIL_klrWJ4bd_LN_056_B,555-0113
003T700000Jzc0nIAB,qwil_klrwj4bd_57a@perftest.example.com,QWIL_klrWJ4bd_FN_057_A,QWIL_klrWJ4bd_LN_057_A,555-0114
003T700000Jzc0oIAB,qwil_klrwj4bd_57b@perftest.example.com,QWIL_klrWJ4bd_FN_057_B,QWIL_klrWJ4bd_LN_057_B,555-0115
003T700000Jzc0pIAB,qwil_klrwj4bd_58a@perftest.example.com,QWIL_klrWJ4bd_FN_058_A,QWIL_klrWJ4bd_LN_058_A,555-0116
003T700000Jzc0qIAB,qwil_klrwj4bd_58b@perftest.example.com,QWIL_klrWJ4bd_FN_058_B,QWIL_klrWJ4bd_LN_058_B,555-0117
003T700000Jzc0rIAB,qwil_klrwj4bd_59a@perftest.example.com,QWIL_klrWJ4bd_FN_059_A,QWIL_klrWJ4bd_LN_059_A,555-0118
003T700000Jzc0sIAB,qwil_klrwj4bd_59b@perftest.example.com,QWIL_klrWJ4bd_FN_059_B,QWIL_klrWJ4bd_LN_059_B,555-0119
003T700000Jzc0tIAB,qwil_klrwj4bd_60a@perftest.example.com,QWIL_klrWJ4bd_FN_060_A,QWIL_klrWJ4bd_LN_060_A,555-0120
003T700000Jzc0uIAB,qwil_klrwj4bd_60b@perftest.example.com,QWIL_klrWJ4bd_FN_060_B,QWIL_klrWJ4bd_LN_060_B,555-0121
003T700000Jzc0vIAB,qwil_klrwj4bd_61a@perftest.example.com,QWIL_klrWJ4bd_FN_061_A,QWIL_klrWJ4bd_LN_061_A,555-0122
003T700000Jzc0wIAB,qwil_klrwj4bd_61b@perftest.example.com,QWIL_klrWJ4bd_FN_061_B,QWIL_klrWJ4bd_LN_061_B,555-0123
003T700000Jzc0xIAB,qwil_klrwj4bd_62a@perftest.example.com,QWIL_klrWJ4bd_FN_062_A,QWIL_klrWJ4bd_LN_062_A,555-0124
003T700000Jzc0yIAB,qwil_klrwj4bd_62b@perftest.example.com,QWIL_klrWJ4bd_FN_062_B,QWIL_klrWJ4bd_LN_062_B,555-0125
003T700000Jzc0zIAB,qwil_klrwj4bd_63a@perftest.example.com,QWIL_klrWJ4bd_FN_063_A,QWIL_klrWJ4bd_LN_063_A,555-0126
003T700000Jzc10IAB,qwil_klrwj4bd_63b@perftest.example.com,QWIL_klrWJ4bd_FN_063_B,QWIL_klrWJ4bd_LN_063_B,555-0127
003T700000Jzc11IAB,qwil_klrwj4bd_64a@perftest.example.com,QWIL_klrWJ4bd_FN_064_A,QWIL_klrWJ4bd_LN_064_A,555-0128
003T700000Jzc12IAB,qwil_klrwj4bd_64b@perftest.example.com,QWIL_klrWJ4bd_FN_064_B,QWIL_klrWJ4bd_LN_064_B,555-0129
003T700000Jzc13IAB,qwil_klrwj4bd_65a@perftest.example.com,QWIL_klrWJ4bd_FN_065_A,QWIL_klrWJ4bd_LN_065_A,555-0130
003T700000Jzc14IAB,qwil_klrwj4bd_65b@perftest.example.com,QWIL_klrWJ4bd_FN_065_B,QWIL_klrWJ4bd_LN_065_B,555-0131
003T700000Jzc15IAB,qwil_klrwj4bd_66a@perftest.example.com,QWIL_klrWJ4bd_FN_066_A,QWIL_klrWJ4bd_LN_066_A,555-0132
003T700000Jzc16IAB,qwil_klrwj4bd_66b@perftest.example.com,QWIL_klrWJ4bd_FN_066_B,QWIL_klrWJ4bd_LN_066_B,555-0133
003T700000Jzc17IAB,qwil_klrwj4bd_67a@perftest.example.com,QWIL_klrWJ4bd_FN_067_A,QWIL_klrWJ4bd_LN_067_A,555-0134
003T700000Jzc18IAB,qwil_klrwj4bd_67b@perftest.example.com,QWIL_klrWJ4bd_FN_067_B,QWIL_klrWJ4bd_LN_067_B,555-0135
003T700000Jzc19IAB,qwil_klrwj4bd_68a@perftest.example.com,QWIL_klrWJ4bd_FN_068_A,QWIL_klrWJ4bd_LN_068_A,555-0136
003T700000Jzc1AIAR,qwil_klrwj4bd_68b@perftest.example.com,QWIL_klrWJ4bd_FN_068_B,QWIL_klrWJ4bd_LN_068_B,555-0137
003T700000Jzc1BIAR,qwil_klrwj4bd_69a@perftest.example.com,QWIL_klrWJ4bd_FN_069_A,QWIL_klrWJ4bd_LN_069_A,555-0138
003T700000Jzc1CIAR,qwil_klrwj4bd_69b@perftest.example.com,QWIL_klrWJ4bd_FN_069_B,QWIL_klrWJ4bd_LN_069_B,555-0139
003T700000Jzc1DIAR,qwil_klrwj4bd_70a@perftest.example.com,QWIL_klrWJ4bd_FN_070_A,QWIL_klrWJ4bd_LN_070_A,555-0140
003T700000Jzc1EIAR,qwil_klrwj4bd_70b@perftest.example.com,QWIL_klrWJ4bd_FN_070_B,QWIL_klrWJ4bd_LN_070_B,555-0141
003T700000Jzc1FIAR,qwil_klrwj4bd_71a@perftest.example.com,QWIL_klrWJ4bd_FN_071_A,QWIL_klrWJ4bd_LN_071_A,555-0142
003T700000Jzc1GIAR,qwil_klrwj4bd_71b@perftest.example.com,QWIL_klrWJ4bd_FN_071_B,QWIL_klrWJ4bd_LN_071_B,555-0143
003T700000Jzc1HIAR,qwil_klrwj4bd_72a@perftest.example.com,QWIL_klrWJ4bd_FN_072_A,QWIL_klrWJ4bd_LN_072_A,555-0144
003T700000Jzc1IIAR,qwil_klrwj4bd_72b@perftest.example.com,QWIL_klrWJ4bd_FN_072_B,QWIL_klrWJ4bd_LN_072_B,555-0145
003T700000Jzc1JIAR,qwil_klrwj4bd_73a@perftest.example.com,QWIL_klrWJ4bd_FN_073_A,QWIL_klrWJ4bd_LN_073_A,555-0146
003T700000Jzc1KIAR,qwil_klrwj4bd_73b@perftest.example.com,QWIL_klrWJ4bd_FN_073_B,QWIL_klrWJ4bd_LN_073_B,555-0147
003T700000Jzc1LIAR,qwil_klrwj4bd_74a@perftest.example.com,QWIL_klrWJ4bd_FN_074_A,QWIL_klrWJ4bd_LN_074_A,555-0148
003T700000Jzc1MIAR,qwil_klrwj4bd_74b@perftest.example.com,QWIL_klrWJ4bd_FN_074_B,QWIL_klrWJ4bd_LN_074_B,555-0149
003T700000Jzc1NIAR,qwil_klrwj4bd_75a@perftest.example.com,QWIL_klrWJ4bd_FN_075_A,QWIL_klrWJ4bd_LN_075_A,555-0150
003T700000Jzc1OIAR,qwil_klrwj4bd_75b@perftest.example.com,QWIL_klrWJ4bd_FN_075_B,QWIL_klrWJ4bd_LN_075_B,555-0151
003T700000Jzc1PIAR,qwil_klrwj4bd_76a@perftest.example.com,QWIL_klrWJ4bd_FN_076_A,QWIL_klrWJ4bd_LN_076_A,555-0152
003T700000Jzc1QIAR,qwil_klrwj4bd_76b@perftest.example.com,QWIL_klrWJ4bd_FN_076_B,QWIL_klrWJ4bd_LN_076_B,555-0153
003T700000Jzc1RIAR,qwil_klrwj4bd_77a@perftest.example.com,QWIL_klrWJ4bd_FN_077_A,QWIL_klrWJ4bd_LN_077_A,555-0154
003T700000Jzc1SIAR,qwil_klrwj4bd_77b@perftest.example.com,QWIL_klrWJ4bd_FN_077_B,QWIL_klrWJ4bd_LN_077_B,555-0155
003T700000Jzc1TIAR,qwil_klrwj4bd_78a@perftest.example.com,QWIL_klrWJ4bd_FN_078_A,QWIL_klrWJ4bd_LN_078_A,555-0156
003T700000Jzc1UIAR,qwil_klrwj4bd_78b@perftest.example.com,QWIL_klrWJ4bd_FN_078_B,QWIL_klrWJ4bd_LN_078_B,555-0157
003T700000Jzc1VIAR,qwil_klrwj4bd_79a@perftest.example.com,QWIL_klrWJ4bd_FN_079_A,QWIL_klrWJ4bd_LN_079_A,555-0158
003T700000Jzc1WIAR,qwil_klrwj4bd_79b@perftest.example.com,QWIL_klrWJ4bd_FN_079_B,QWIL_klrWJ4bd_LN_079_B,555-0159
003T700000Jzc1XIAR,qwil_klrwj4bd_80a@perftest.example.com,QWIL_klrWJ4bd_FN_080_A,QWIL_klrWJ4bd_LN_080_A,555-0160
003T700000Jzc1YIAR,qwil_klrwj4bd_80b@perftest.example.com,QWIL_klrWJ4bd_FN_080_B,QWIL_klrWJ4bd_LN_080_B,555-0161
003T700000JzcbhIAB,qwil_wb0nxpgf_1a@perftest.example.com,QWIL_Wb0NxpgF_FN_001_A,QWIL_Wb0NxpgF_LN_001_A,555-0002
003T700000JzcbiIAB,qwil_wb0nxpgf_1b@perftest.example.com,QWIL_Wb0NxpgF_FN_001_B,QWIL_Wb0NxpgF_LN_001_B,555-0003
003T700000JzcbjIAB,qwil_wb0nxpgf_2a@perftest.example.com,QWIL_Wb0NxpgF_FN_002_A,QWIL_Wb0NxpgF_LN_002_A,555-0004
003T700000JzcbkIAB,qwil_wb0nxpgf_2b@perftest.example.com,QWIL_Wb0NxpgF_FN_002_B,QWIL_Wb0NxpgF_LN_002_B,555-0005
003T700000JzcblIAB,qwil_wb0nxpgf_3a@perftest.example.com,QWIL_Wb0NxpgF_FN_003_A,QWIL_Wb0NxpgF_LN_003_A,555-0006
003T700000JzcbmIAB,qwil_wb0nxpgf_3b@perftest.example.com,QWIL_Wb0NxpgF_FN_003_B,QWIL_Wb0NxpgF_LN_003_B,555-0007
003T700000JzcbnIAB,qwil_wb0nxpgf_4a@perftest.example.com,QWIL_Wb0NxpgF_FN_004_A,QWIL_Wb0NxpgF_LN_004_A,555-0008
003T700000JzcboIAB,qwil_wb0nxpgf_4b@perftest.example.com,QWIL_Wb0NxpgF_FN_004_B,QWIL_Wb0NxpgF_LN_004_B,555-0009
003T700000JzcbpIAB,qwil_wb0nxpgf_5a@perftest.example.com,QWIL_Wb0NxpgF_FN_005_A,QWIL_Wb0NxpgF_LN_005_A,555-0010
003T700000JzcbqIAB,qwil_wb0nxpgf_5b@perftest.example.com,QWIL_Wb0NxpgF_FN_005_B,QWIL_Wb0NxpgF_LN_005_B,555-0011
003T700000JzcbrIAB,qwil_wb0nxpgf_6a@perftest.example.com,QWIL_Wb0NxpgF_FN_006_A,QWIL_Wb0NxpgF_LN_006_A,555-0012
003T700000JzcbsIAB,qwil_wb0nxpgf_6b@perftest.example.com,QWIL_Wb0NxpgF_FN_006_B,QWIL_Wb0NxpgF_LN_006_B,555-0013
003T700000JzcbtIAB,qwil_wb0nxpgf_7a@perftest.example.com,QWIL_Wb0NxpgF_FN_007_A,QWIL_Wb0NxpgF_LN_007_A,555-0014
003T700000JzcbuIAB,qwil_wb0nxpgf_7b@perftest.example.com,QWIL_Wb0NxpgF_FN_007_B,QWIL_Wb0NxpgF_LN_007_B,555-0015
003T700000JzcbvIAB,qwil_wb0nxpgf_8a@perftest.example.com,QWIL_Wb0NxpgF_FN_008_A,QWIL_Wb0NxpgF_LN_008_A,555-0016
003T700000JzcbwIAB,qwil_wb0nxpgf_8b@perftest.example.com,QWIL_Wb0NxpgF_FN_008_B,QWIL_Wb0NxpgF_LN_008_B,555-0017
003T700000JzcbxIAB,qwil_wb0nxpgf_9a@perftest.example.com,QWIL_Wb0NxpgF_FN_009_A,QWIL_Wb0NxpgF_LN_009_A,555-0018
003T700000JzcbyIAB,qwil_wb0nxpgf_9b@perftest.example.com,QWIL_Wb0NxpgF_FN_009_B,QWIL_Wb0NxpgF_LN_009_B,555-0019
003T700000JzcbzIAB,qwil_wb0nxpgf_10a@perftest.example.com,QWIL_Wb0NxpgF_FN_010_A,QWIL_Wb0NxpgF_LN_010_A,555-0020
003T700000Jzcc0IAB,qwil_wb0nxpgf_10b@perftest.example.com,QWIL_Wb0NxpgF_FN_010_B,QWIL_Wb0NxpgF_LN_010_B,555-0021
003T700000Jzcc1IAB,qwil_wb0nxpgf_11a@perftest.example.com,QWIL_Wb0NxpgF_FN_011_A,QWIL_Wb0NxpgF_LN_011_A,555-0022
003T700000Jzcc2IAB,qwil_wb0nxpgf_11b@perftest.example.com,QWIL_Wb0NxpgF_FN_011_B,QWIL_Wb0NxpgF_LN_011_B,555-0023
003T700000Jzcc3IAB,qwil_wb0nxpgf_12a@perftest.example.com,QWIL_Wb0NxpgF_FN_012_A,QWIL_Wb0NxpgF_LN_012_A,555-0024
003T700000Jzcc4IAB,qwil_wb0nxpgf_12b@perftest.example.com,QWIL_Wb0NxpgF_FN_012_B,QWIL_Wb0NxpgF_LN_012_B,555-0025
003T700000Jzcc5IAB,qwil_wb0nxpgf_13a@perftest.example.com,QWIL_Wb0NxpgF_FN_013_A,QWIL_Wb0NxpgF_LN_013_A,555-0026
003T700000Jzcc6IAB,qwil_wb0nxpgf_13b@perftest.example.com,QWIL_Wb0NxpgF_FN_013_B,QWIL_Wb0NxpgF_LN_013_B,555-0027
003T700000Jzcc7IAB,qwil_wb0nxpgf_14a@perftest.example.com,QWIL_Wb0NxpgF_FN_014_A,QWIL_Wb0NxpgF_LN_014_A,555-0028
003T700000Jzcc8IAB,qwil_wb0nxpgf_14b@perftest.example.com,QWIL_Wb0NxpgF_FN_014_B,QWIL_Wb0NxpgF_LN_014_B,555-0029
003T700000Jzcc9IAB,qwil_wb0nxpgf_15a@perftest.example.com,QWIL_Wb0NxpgF_FN_015_A,QWIL_Wb0NxpgF_LN_015_A,555-0030
003T700000JzccAIAR,qwil_wb0nxpgf_15b@perftest.example.com,QWIL_Wb0NxpgF_FN_015_B,QWIL_Wb0NxpgF_LN_015_B,555-0031
003T700000JzccBIAR,qwil_wb0nxpgf_16a@perftest.example.com,QWIL_Wb0NxpgF_FN_016_A,QWIL_Wb0NxpgF_LN_016_A,555-0032
003T700000JzccCIAR,qwil_wb0nxpgf_16b@perftest.example.com,QWIL_Wb0NxpgF_FN_016_B,QWIL_Wb0NxpgF_LN_016_B,555-0033
003T700000JzccDIAR,qwil_wb0nxpgf_17a@perftest.example.com,QWIL_Wb0NxpgF_FN_017_A,QWIL_Wb0NxpgF_LN_017_A,555-0034
003T700000JzccEIAR,qwil_wb0nxpgf_17b@perftest.example.com,QWIL_Wb0NxpgF_FN_017_B,QWIL_Wb0NxpgF_LN_017_B,555-0035
003T700000JzccFIAR,qwil_wb0nxpgf_18a@perftest.example.com,QWIL_Wb0NxpgF_FN_018_A,QWIL_Wb0NxpgF_LN_018_A,555-0036
003T700000JzccGIAR,qwil_wb0nxpgf_18b@perftest.example.com,QWIL_Wb0NxpgF_FN_018_B,QWIL_Wb0NxpgF_LN_018_B,555-0037
003T700000JzccHIAR,qwil_wb0nxpgf_19a@perftest.example.com,QWIL_Wb0NxpgF_FN_019_A,QWIL_Wb0NxpgF_LN_019_A,555-0038
003T700000JzccIIAR,qwil_wb0nxpgf_19b@perftest.example.com,QWIL_Wb0NxpgF_FN_019_B,QWIL_Wb0NxpgF_LN_019_B,555-0039
003T700000JzccJIAR,qwil_wb0nxpgf_20a@perftest.example.com,QWIL_Wb0NxpgF_FN_020_A,QWIL_Wb0NxpgF_LN_020_A,555-0040
003T700000JzccKIAR,qwil_wb0nxpgf_20b@perftest.example.com,QWIL_Wb0NxpgF_FN_020_B,QWIL_Wb0NxpgF_LN_020_B,555-0041
003T700000JzccLIAR,qwil_wb0nxpgf_21a@perftest.example.com,QWIL_Wb0NxpgF_FN_021_A,QWIL_Wb0NxpgF_LN_021_A,555-0042
003T700000JzccMIAR,qwil_wb0nxpgf_21b@perftest.example.com,QWIL_Wb0NxpgF_FN_021_B,QWIL_Wb0NxpgF_LN_021_B,555-0043
003T700000JzccNIAR,qwil_wb0nxpgf_22a@perftest.example.com,QWIL_Wb0NxpgF_FN_022_A,QWIL_Wb0NxpgF_LN_022_A,555-0044
003T700000JzccOIAR,qwil_wb0nxpgf_22b@perftest.example.com,QWIL_Wb0NxpgF_FN_022_B,QWIL_Wb0NxpgF_LN_022_B,555-0045
003T700000JzccPIAR,qwil_wb0nxpgf_23a@perftest.example.com,QWIL_Wb0NxpgF_FN_023_A,QWIL_Wb0NxpgF_LN_023_A,555-0046
003T700000JzccQIAR,qwil_wb0nxpgf_23b@perftest.example.com,QWIL_Wb0NxpgF_FN_023_B,QWIL_Wb0NxpgF_LN_023_B,555-0047
003T700000JzccRIAR,qwil_wb0nxpgf_24a@perftest.example.com,QWIL_Wb0NxpgF_FN_024_A,QWIL_Wb0NxpgF_LN_024_A,555-0048
003T700000JzccSIAR,qwil_wb0nxpgf_24b@perftest.example.com,QWIL_Wb0NxpgF_FN_024_B,QWIL_Wb0NxpgF_LN_024_B,555-0049
003T700000JzccTIAR,qwil_wb0nxpgf_25a@perftest.example.com,QWIL_Wb0NxpgF_FN_025_A,QWIL_Wb0NxpgF_LN_025_A,555-0050
003T700000JzccUIAR,qwil_wb0nxpgf_25b@perftest.example.com,QWIL_Wb0NxpgF_FN_025_B,QWIL_Wb0NxpgF_LN_025_B,555-0051
003T700000JzccVIAR,qwil_wb0nxpgf_26a@perftest.example.com,QWIL_Wb0NxpgF_FN_026_A,QWIL_Wb0NxpgF_LN_026_A,555-0052
003T700000JzccWIAR,qwil_wb0nxpgf_26b@perftest.example.com,QWIL_Wb0NxpgF_FN_026_B,QWIL_Wb0NxpgF_LN_026_B,555-0053
003T700000JzccXIAR,qwil_wb0nxpgf_27a@perftest.example.com,QWIL_Wb0NxpgF_FN_027_A,QWIL_Wb0NxpgF_LN_027_A,555-0054
003T700000JzccYIAR,qwil_wb0nxpgf_27b@perftest.example.com,QWIL_Wb0NxpgF_FN_027_B,QWIL_Wb0NxpgF_LN_027_B,555-0055
003T700000JzccZIAR,qwil_wb0nxpgf_28a@perftest.example.com,QWIL_Wb0NxpgF_FN_028_A,QWIL_Wb0NxpgF_LN_028_A,555-0056
003T700000JzccaIAB,qwil_wb0nxpgf_28b@perftest.example.com,QWIL_Wb0NxpgF_FN_028_B,QWIL_Wb0NxpgF_LN_028_B,555-0057
003T700000JzccbIAB,qwil_wb0nxpgf_29a@perftest.example.com,QWIL_Wb0NxpgF_FN_029_A,QWIL_Wb0NxpgF_LN_029_A,555-0058
003T700000JzcccIAB,qwil_wb0nxpgf_29b@perftest.example.com,QWIL_Wb0NxpgF_FN_029_B,QWIL_Wb0NxpgF_LN_029_B,555-0059
003T700000JzccdIAB,qwil_wb0nxpgf_30a@perftest.example.com,QWIL_Wb0NxpgF_FN_030_A,QWIL_Wb0NxpgF_LN_030_A,555-0060
003T700000JzcceIAB,qwil_wb0nxpgf_30b@perftest.example.com,QWIL_Wb0NxpgF_FN_030_B,QWIL_Wb0NxpgF_LN_030_B,555-0061
003T700000JzccfIAB,qwil_wb0nxpgf_31a@perftest.example.com,QWIL_Wb0NxpgF_FN_031_A,QWIL_Wb0NxpgF_LN_031_A,555-0062
003T700000JzccgIAB,qwil_wb0nxpgf_31b@perftest.example.com,QWIL_Wb0NxpgF_FN_031_B,QWIL_Wb0NxpgF_LN_031_B,555-0063
003T700000JzcchIAB,qwil_wb0nxpgf_32a@perftest.example.com,QWIL_Wb0NxpgF_FN_032_A,QWIL_Wb0NxpgF_LN_032_A,555-0064
003T700000JzcciIAB,qwil_wb0nxpgf_32b@perftest.example.com,QWIL_Wb0NxpgF_FN_032_B,QWIL_Wb0NxpgF_LN_032_B,555-0065
003T700000JzccjIAB,qwil_wb0nxpgf_33a@perftest.example.com,QWIL_Wb0NxpgF_FN_033_A,QWIL_Wb0NxpgF_LN_033_A,555-0066
003T700000JzcckIAB,qwil_wb0nxpgf_33b@perftest.example.com,QWIL_Wb0NxpgF_FN_033_B,QWIL_Wb0NxpgF_LN_033_B,555-0067
003T700000JzcclIAB,qwil_wb0nxpgf_34a@perftest.example.com,QWIL_Wb0NxpgF_FN_034_A,QWIL_Wb0NxpgF_LN_034_A,555-0068
003T700000JzccmIAB,qwil_wb0nxpgf_34b@perftest.example.com,QWIL_Wb0NxpgF_FN_034_B,QWIL_Wb0NxpgF_LN_034_B,555-0069
003T700000JzccnIAB,qwil_wb0nxpgf_35a@perftest.example.com,QWIL_Wb0NxpgF_FN_035_A,QWIL_Wb0NxpgF_LN_035_A,555-0070
003T700000JzccoIAB,qwil_wb0nxpgf_35b@perftest.example.com,QWIL_Wb0NxpgF_FN_035_B,QWIL_Wb0NxpgF_LN_035_B,555-0071
003T700000JzccpIAB,qwil_wb0nxpgf_36a@perftest.example.com,QWIL_Wb0NxpgF_FN_036_A,QWIL_Wb0NxpgF_LN_036_A,555-0072
003T700000JzccqIAB,qwil_wb0nxpgf_36b@perftest.example.com,QWIL_Wb0NxpgF_FN_036_B,QWIL_Wb0NxpgF_LN_036_B,555-0073
003T700000JzccrIAB,qwil_wb0nxpgf_37a@perftest.example.com,QWIL_Wb0NxpgF_FN_037_A,QWIL_Wb0NxpgF_LN_037_A,555-0074
003T700000JzccsIAB,qwil_wb0nxpgf_37b@perftest.example.com,QWIL_Wb0NxpgF_FN_037_B,QWIL_Wb0NxpgF_LN_037_B,555-0075
003T700000JzcctIAB,qwil_wb0nxpgf_38a@perftest.example.com,QWIL_Wb0NxpgF_FN_038_A,QWIL_Wb0NxpgF_LN_038_A,555-0076
003T700000JzccuIAB,qwil_wb0nxpgf_38b@perftest.example.com,QWIL_Wb0NxpgF_FN_038_B,QWIL_Wb0NxpgF_LN_038_B,555-0077
003T700000JzccvIAB,qwil_wb0nxpgf_39a@perftest.example.com,QWIL_Wb0NxpgF_FN_039_A,QWIL_Wb0NxpgF_LN_039_A,555-0078
003T700000JzccwIAB,qwil_wb0nxpgf_39b@perftest.example.com,QWIL_Wb0NxpgF_FN_039_B,QWIL_Wb0NxpgF_LN_039_B,555-0079
003T700000JzccxIAB,qwil_wb0nxpgf_40a@perftest.example.com,QWIL_Wb0NxpgF_FN_040_A,QWIL_Wb0NxpgF_LN_040_A,555-0080
003T700000JzccyIAB,qwil_wb0nxpgf_40b@perftest.example.com,QWIL_Wb0NxpgF_FN_040_B,QWIL_Wb0NxpgF_LN_040_B,555-0081
003T700000JzcczIAB,qwil_wb0nxpgf_41a@perftest.example.com,QWIL_Wb0NxpgF_FN_041_A,QWIL_Wb0NxpgF_LN_041_A,555-0082
003T700000Jzcd0IAB,qwil_wb0nxpgf_41b@perftest.example.com,QWIL_Wb0NxpgF_FN_041_B,QWIL_Wb0NxpgF_LN_041_B,555-0083
003T700000Jzcd1IAB,qwil_wb0nxpgf_42a@perftest.example.com,QWIL_Wb0NxpgF_FN_042_A,QWIL_Wb0NxpgF_LN_042_A,555-0084
003T700000Jzcd2IAB,qwil_wb0nxpgf_42b@perftest.example.com,QWIL_Wb0NxpgF_FN_042_B,QWIL_Wb0NxpgF_LN_042_B,555-0085
003T700000Jzcd3IAB,qwil_wb0nxpgf_43a@perftest.example.com,QWIL_Wb0NxpgF_FN_043_A,QWIL_Wb0NxpgF_LN_043_A,555-0086
003T700000Jzcd4IAB,qwil_wb0nxpgf_43b@perftest.example.com,QWIL_Wb0NxpgF_FN_043_B,QWIL_Wb0NxpgF_LN_043_B,555-0087
003T700000Jzcd5IAB,qwil_wb0nxpgf_44a@perftest.example.com,QWIL_Wb0NxpgF_FN_044_A,QWIL_Wb0NxpgF_LN_044_A,555-0088
003T700000Jzcd6IAB,qwil_wb0nxpgf_44b@perftest.example.com,QWIL_Wb0NxpgF_FN_044_B,QWIL_Wb0NxpgF_LN_044_B,555-0089
003T700000Jzcd7IAB,qwil_wb0nxpgf_45a@perftest.example.com,QWIL_Wb0NxpgF_FN_045_A,QWIL_Wb0NxpgF_LN_045_A,555-0090
003T700000Jzcd8IAB,qwil_wb0nxpgf_45b@perftest.example.com,QWIL_Wb0NxpgF_FN_045_B,QWIL_Wb0NxpgF_LN_045_B,555-0091
003T700000Jzcd9IAB,qwil_wb0nxpgf_46a@perftest.example.com,QWIL_Wb0NxpgF_FN_046_A,QWIL_Wb0NxpgF_LN_046_A,555-0092
003T700000JzcdAIAR,qwil_wb0nxpgf_46b@perftest.example.com,QWIL_Wb0NxpgF_FN_046_B,QWIL_Wb0NxpgF_LN_046_B,555-0093
003T700000JzcdBIAR,qwil_wb0nxpgf_47a@perftest.example.com,QWIL_Wb0NxpgF_FN_047_A,QWIL_Wb0NxpgF_LN_047_A,555-0094
003T700000JzcdCIAR,qwil_wb0nxpgf_47b@perftest.example.com,QWIL_Wb0NxpgF_FN_047_B,QWIL_Wb0NxpgF_LN_047_B,555-0095
003T700000JzcdDIAR,qwil_wb0nxpgf_48a@perftest.example.com,QWIL_Wb0NxpgF_FN_048_A,QWIL_Wb0NxpgF_LN_048_A,555-0096
003T700000JzcdEIAR,qwil_wb0nxpgf_48b@perftest.example.com,QWIL_Wb0NxpgF_FN_048_B,QWIL_Wb0NxpgF_LN_048_B,555-0097
003T700000JzcdFIAR,qwil_wb0nxpgf_49a@perftest.example.com,QWIL_Wb0NxpgF_FN_049_A,QWIL_Wb0NxpgF_LN_049_A,555-0098
003T700000JzcdGIAR,qwil_wb0nxpgf_49b@perftest.example.com,QWIL_Wb0NxpgF_FN_049_B,QWIL_Wb0NxpgF_LN_049_B,555-0099
003T700000JzcdHIAR,qwil_wb0nxpgf_50a@perftest.example.com,QWIL_Wb0NxpgF_FN_050_A,QWIL_Wb0NxpgF_LN_050_A,555-0100
003T700000JzcdIIAR,qwil_wb0nxpgf_50b@perftest.example.com,QWIL_Wb0NxpgF_FN_050_B,QWIL_Wb0NxpgF_LN_050_B,555-0101
003T700000JzcdJIAR,qwil_wb0nxpgf_51a@perftest.example.com,QWIL_Wb0NxpgF_FN_051_A,QWIL_Wb0NxpgF_LN_051_A,555-0102
003T700000JzcdKIAR,qwil_wb0nxpgf_51b@perftest.example.com,QWIL_Wb0NxpgF_FN_051_B,QWIL_Wb0NxpgF_LN_051_B,555-0103
003T700000JzcdLIAR,qwil_wb0nxpgf_52a@perftest.example.com,QWIL_Wb0NxpgF_FN_052_A,QWIL_Wb0NxpgF_LN_052_A,555-0104
003T700000JzcdMIAR,qwil_wb0nxpgf_52b@perftest.example.com,QWIL_Wb0NxpgF_FN_052_B,QWIL_Wb0NxpgF_LN_052_B,555-0105
003T700000JzcdNIAR,qwil_wb0nxpgf_53a@perftest.example.com,QWIL_Wb0NxpgF_FN_053_A,QWIL_Wb0NxpgF_LN_053_A,555-0106
003T700000JzcdOIAR,qwil_wb0nxpgf_53b@perftest.example.com,QWIL_Wb0NxpgF_FN_053_B,QWIL_Wb0NxpgF_LN_053_B,555-0107
003T700000JzcdPIAR,qwil_wb0nxpgf_54a@perftest.example.com,QWIL_Wb0NxpgF_FN_054_A,QWIL_Wb0NxpgF_LN_054_A,555-0108
003T700000JzcdQIAR,qwil_wb0nxpgf_54b@perftest.example.com,QWIL_Wb0NxpgF_FN_054_B,QWIL_Wb0NxpgF_LN_054_B,555-0109
003T700000JzcdRIAR,qwil_wb0nxpgf_55a@perftest.example.com,QWIL_Wb0NxpgF_FN_055_A,QWIL_Wb0NxpgF_LN_055_A,555-0110
003T700000JzcdSIAR,qwil_wb0nxpgf_55b@perftest.example.com,QWIL_Wb0NxpgF_FN_055_B,QWIL_Wb0NxpgF_LN_055_B,555-0111
003T700000JzcdTIAR,qwil_wb0nxpgf_56a@perftest.example.com,QWIL_Wb0NxpgF_FN_056_A,QWIL_Wb0NxpgF_LN_056_A,555-0112
003T700000JzcdUIAR,qwil_wb0nxpgf_56b@perftest.example.com,QWIL_Wb0NxpgF_FN_056_B,QWIL_Wb0NxpgF_LN_056_B,555-0113
003T700000JzcdVIAR,qwil_wb0nxpgf_57a@perftest.example.com,QWIL_Wb0NxpgF_FN_057_A,QWIL_Wb0NxpgF_LN_057_A,555-0114
003T700000JzcdWIAR,qwil_wb0nxpgf_57b@perftest.example.com,QWIL_Wb0NxpgF_FN_057_B,QWIL_Wb0NxpgF_LN_057_B,555-0115
003T700000JzcdXIAR,qwil_wb0nxpgf_58a@perftest.example.com,QWIL_Wb0NxpgF_FN_058_A,QWIL_Wb0NxpgF_LN_058_A,555-0116
003T700000JzcdYIAR,qwil_wb0nxpgf_58b@perftest.example.com,QWIL_Wb0NxpgF_FN_058_B,QWIL_Wb0NxpgF_LN_058_B,555-0117
003T700000JzcdZIAR,qwil_wb0nxpgf_59a@perftest.example.com,QWIL_Wb0NxpgF_FN_059_A,QWIL_Wb0NxpgF_LN_059_A,555-0118
003T700000JzcdaIAB,qwil_wb0nxpgf_59b@perftest.example.com,QWIL_Wb0NxpgF_FN_059_B,QWIL_Wb0NxpgF_LN_059_B,555-0119
003T700000JzcdbIAB,qwil_wb0nxpgf_60a@perftest.example.com,QWIL_Wb0NxpgF_FN_060_A,QWIL_Wb0NxpgF_LN_060_A,555-0120
003T700000JzcdcIAB,qwil_wb0nxpgf_60b@perftest.example.com,QWIL_Wb0NxpgF_FN_060_B,QWIL_Wb0NxpgF_LN_060_B,555-0121
003T700000JzcddIAB,qwil_wb0nxpgf_61a@perftest.example.com,QWIL_Wb0NxpgF_FN_061_A,QWIL_Wb0NxpgF_LN_061_A,555-0122
003T700000JzcdeIAB,qwil_wb0nxpgf_61b@perftest.example.com,QWIL_Wb0NxpgF_FN_061_B,QWIL_Wb0NxpgF_LN_061_B,555-0123
003T700000JzcdfIAB,qwil_wb0nxpgf_62a@perftest.example.com,QWIL_Wb0NxpgF_FN_062_A,QWIL_Wb0NxpgF_LN_062_A,555-0124
003T700000JzcdgIAB,qwil_wb0nxpgf_62b@perftest.example.com,QWIL_Wb0NxpgF_FN_062_B,QWIL_Wb0NxpgF_LN_062_B,555-0125
003T700000JzcdhIAB,qwil_wb0nxpgf_63a@perftest.example.com,QWIL_Wb0NxpgF_FN_063_A,QWIL_Wb0NxpgF_LN_063_A,555-0126
003T700000JzcdiIAB,qwil_wb0nxpgf_63b@perftest.example.com,QWIL_Wb0NxpgF_FN_063_B,QWIL_Wb0NxpgF_LN_063_B,555-0127
003T700000JzcdjIAB,qwil_wb0nxpgf_64a@perftest.example.com,QWIL_Wb0NxpgF_FN_064_A,QWIL_Wb0NxpgF_LN_064_A,555-0128
003T700000JzcdkIAB,qwil_wb0nxpgf_64b@perftest.example.com,QWIL_Wb0NxpgF_FN_064_B,QWIL_Wb0NxpgF_LN_064_B,555-0129
003T700000JzcdlIAB,qwil_wb0nxpgf_65a@perftest.example.com,QWIL_Wb0NxpgF_FN_065_A,QWIL_Wb0NxpgF_LN_065_A,555-0130
003T700000JzcdmIAB,qwil_wb0nxpgf_65b@perftest.example.com,QWIL_Wb0NxpgF_FN_065_B,QWIL_Wb0NxpgF_LN_065_B,555-0131
003T700000JzcdnIAB,qwil_wb0nxpgf_66a@perftest.example.com,QWIL_Wb0NxpgF_FN_066_A,QWIL_Wb0NxpgF_LN_066_A,555-0132
003T700000JzcdoIAB,qwil_wb0nxpgf_66b@perftest.example.com,QWIL_Wb0NxpgF_FN_066_B,QWIL_Wb0NxpgF_LN_066_B,555-0133
003T700000JzcdpIAB,qwil_wb0nxpgf_67a@perftest.example.com,QWIL_Wb0NxpgF_FN_067_A,QWIL_Wb0NxpgF_LN_067_A,555-0134
003T700000JzcdqIAB,qwil_wb0nxpgf_67b@perftest.example.com,QWIL_Wb0NxpgF_FN_067_B,QWIL_Wb0NxpgF_LN_067_B,555-0135
003T700000JzcdrIAB,qwil_wb0nxpgf_68a@perftest.example.com,QWIL_Wb0NxpgF_FN_068_A,QWIL_Wb0NxpgF_LN_068_A,555-0136
003T700000JzcdsIAB,qwil_wb0nxpgf_68b@perftest.example.com,QWIL_Wb0NxpgF_FN_068_B,QWIL_Wb0NxpgF_LN_068_B,555-0137
003T700000JzcdtIAB,qwil_wb0nxpgf_69a@perftest.example.com,QWIL_Wb0NxpgF_FN_069_A,QWIL_Wb0NxpgF_LN_069_A,555-0138
003T700000JzcduIAB,qwil_wb0nxpgf_69b@perftest.example.com,QWIL_Wb0NxpgF_FN_069_B,QWIL_Wb0NxpgF_LN_069_B,555-0139
003T700000JzcdvIAB,qwil_wb0nxpgf_70a@perftest.example.com,QWIL_Wb0NxpgF_FN_070_A,QWIL_Wb0NxpgF_LN_070_A,555-0140
003T700000JzcdwIAB,qwil_wb0nxpgf_70b@perftest.example.com,QWIL_Wb0NxpgF_FN_070_B,QWIL_Wb0NxpgF_LN_070_B,555-0141
003T700000JzcdxIAB,qwil_wb0nxpgf_71a@perftest.example.com,QWIL_Wb0NxpgF_FN_071_A,QWIL_Wb0NxpgF_LN_071_A,555-0142
003T700000JzcdyIAB,qwil_wb0nxpgf_71b@perftest.example.com,QWIL_Wb0NxpgF_FN_071_B,QWIL_Wb0NxpgF_LN_071_B,555-0143
003T700000JzcdzIAB,qwil_wb0nxpgf_72a@perftest.example.com,QWIL_Wb0NxpgF_FN_072_A,QWIL_Wb0NxpgF_LN_072_A,555-0144
003T700000Jzce0IAB,qwil_wb0nxpgf_72b@perftest.example.com,QWIL_Wb0NxpgF_FN_072_B,QWIL_Wb0NxpgF_LN_072_B,555-0145
003T700000Jzce1IAB,qwil_wb0nxpgf_73a@perftest.example.com,QWIL_Wb0NxpgF_FN_073_A,QWIL_Wb0NxpgF_LN_073_A,555-0146
003T700000Jzce2IAB,qwil_wb0nxpgf_73b@perftest.example.com,QWIL_Wb0NxpgF_FN_073_B,QWIL_Wb0NxpgF_LN_073_B,555-0147
003T700000Jzce3IAB,qwil_wb0nxpgf_74a@perftest.example.com,QWIL_Wb0NxpgF_FN_074_A,QWIL_Wb0NxpgF_LN_074_A,555-0148
003T700000Jzce4IAB,qwil_wb0nxpgf_74b@perftest.example.com,QWIL_Wb0NxpgF_FN_074_B,QWIL_Wb0NxpgF_LN_074_B,555-0149
003T700000Jzce5IAB,qwil_wb0nxpgf_75a@perftest.example.com,QWIL_Wb0NxpgF_FN_075_A,QWIL_Wb0NxpgF_LN_075_A,555-0150
003T700000Jzce6IAB,qwil_wb0nxpgf_75b@perftest.example.com,QWIL_Wb0NxpgF_FN_075_B,QWIL_Wb0NxpgF_LN_075_B,555-0151
003T700000Jzce7IAB,qwil_wb0nxpgf_76a@perftest.example.com,QWIL_Wb0NxpgF_FN_076_A,QWIL_Wb0NxpgF_LN_076_A,555-0152
003T700000Jzce8IAB,qwil_wb0nxpgf_76b@perftest.example.com,QWIL_Wb0NxpgF_FN_076_B,QWIL_Wb0NxpgF_LN_076_B,555-0153
003T700000Jzce9IAB,qwil_wb0nxpgf_77a@perftest.example.com,QWIL_Wb0NxpgF_FN_077_A,QWIL_Wb0NxpgF_LN_077_A,555-0154
003T700000JzceAIAR,qwil_wb0nxpgf_77b@perftest.example.com,QWIL_Wb0NxpgF_FN_077_B,QWIL_Wb0NxpgF_LN_077_B,555-0155
003T700000JzceBIAR,qwil_wb0nxpgf_78a@perftest.example.com,QWIL_Wb0NxpgF_FN_078_A,QWIL_Wb0NxpgF_LN_078_A,555-0156
003T700000JzceCIAR,qwil_wb0nxpgf_78b@perftest.example.com,QWIL_Wb0NxpgF_FN_078_B,QWIL_Wb0NxpgF_LN_078_B,555-0157
003T700000JzceDIAR,qwil_wb0nxpgf_79a@perftest.example.com,QWIL_Wb0NxpgF_FN_079_A,QWIL_Wb0NxpgF_LN_079_A,555-0158
003T700000JzceEIAR,qwil_wb0nxpgf_79b@perftest.example.com,QWIL_Wb0NxpgF_FN_079_B,QWIL_Wb0NxpgF_LN_079_B,555-0159
003T700000JzceFIAR,qwil_wb0nxpgf_80a@perftest.example.com,QWIL_Wb0NxpgF_FN_080_A,QWIL_Wb0NxpgF_LN_080_A,555-0160
003T700000JzceGIAR,qwil_wb0nxpgf_80b@perftest.example.com,QWIL_Wb0NxpgF_FN_080_B,QWIL_Wb0NxpgF_LN_080_B,555-0161
003T700000Jzec1IAB,qwil_wizovalo_1a@perftest.example.com,QWIL_wiZOvalo_FN_001_A,QWIL_wiZOvalo_LN_001_A,555-0002
003T700000Jzec2IAB,qwil_wizovalo_1b@perftest.example.com,QWIL_wiZOvalo_FN_001_B,QWIL_wiZOvalo_LN_001_B,555-0003
003T700000Jzec3IAB,qwil_wizovalo_2a@perftest.example.com,QWIL_wiZOvalo_FN_002_A,QWIL_wiZOvalo_LN_002_A,555-0004
003T700000Jzec4IAB,qwil_wizovalo_2b@perftest.example.com,QWIL_wiZOvalo_FN_002_B,QWIL_wiZOvalo_LN_002_B,555-0005
003T700000Jzec5IAB,qwil_wizovalo_3a@perftest.example.com,QWIL_wiZOvalo_FN_003_A,QWIL_wiZOvalo_LN_003_A,555-0006
003T700000Jzec6IAB,qwil_wizovalo_3b@perftest.example.com,QWIL_wiZOvalo_FN_003_B,QWIL_wiZOvalo_LN_003_B,555-0007
003T700000Jzec7IAB,qwil_wizovalo_4a@perftest.example.com,QWIL_wiZOvalo_FN_004_A,QWIL_wiZOvalo_LN_004_A,555-0008
003T700000Jzec8IAB,qwil_wizovalo_4b@perftest.example.com,QWIL_wiZOvalo_FN_004_B,QWIL_wiZOvalo_LN_004_B,555-0009
003T700000Jzec9IAB,qwil_wizovalo_5a@perftest.example.com,QWIL_wiZOvalo_FN_005_A,QWIL_wiZOvalo_LN_005_A,555-0010
003T700000JzecAIAR,qwil_wizovalo_5b@perftest.example.com,QWIL_wiZOvalo_FN_005_B,QWIL_wiZOvalo_LN_005_B,555-0011
003T700000JzecBIAR,qwil_wizovalo_6a@perftest.example.com,QWIL_wiZOvalo_FN_006_A,QWIL_wiZOvalo_LN_006_A,555-0012
003T700000JzecCIAR,qwil_wizovalo_6b@perftest.example.com,QWIL_wiZOvalo_FN_006_B,QWIL_wiZOvalo_LN_006_B,555-0013
003T700000JzecDIAR,qwil_wizovalo_7a@perftest.example.com,QWIL_wiZOvalo_FN_007_A,QWIL_wiZOvalo_LN_007_A,555-0014
003T700000JzecEIAR,qwil_wizovalo_7b@perftest.example.com,QWIL_wiZOvalo_FN_007_B,QWIL_wiZOvalo_LN_007_B,555-0015
003T700000JzecFIAR,qwil_wizovalo_8a@perftest.example.com,QWIL_wiZOvalo_FN_008_A,QWIL_wiZOvalo_LN_008_A,555-0016
003T700000JzecGIAR,qwil_wizovalo_8b@perftest.example.com,QWIL_wiZOvalo_FN_008_B,QWIL_wiZOvalo_LN_008_B,555-0017
003T700000JzecHIAR,qwil_wizovalo_9a@perftest.example.com,QWIL_wiZOvalo_FN_009_A,QWIL_wiZOvalo_LN_009_A,555-0018
003T700000JzecIIAR,qwil_wizovalo_9b@perftest.example.com,QWIL_wiZOvalo_FN_009_B,QWIL_wiZOvalo_LN_009_B,555-0019
003T700000JzecJIAR,qwil_wizovalo_10a@perftest.example.com,QWIL_wiZOvalo_FN_010_A,QWIL_wiZOvalo_LN_010_A,555-0020
003T700000JzecKIAR,qwil_wizovalo_10b@perftest.example.com,QWIL_wiZOvalo_FN_010_B,QWIL_wiZOvalo_LN_010_B,555-0021
003T700000JzecLIAR,qwil_wizovalo_11a@perftest.example.com,QWIL_wiZOvalo_FN_011_A,QWIL_wiZOvalo_LN_011_A,555-0022
003T700000JzecMIAR,qwil_wizovalo_11b@perftest.example.com,QWIL_wiZOvalo_FN_011_B,QWIL_wiZOvalo_LN_011_B,555-0023
003T700000JzecNIAR,qwil_wizovalo_12a@perftest.example.com,QWIL_wiZOvalo_FN_012_A,QWIL_wiZOvalo_LN_012_A,555-0024
003T700000JzecOIAR,qwil_wizovalo_12b@perftest.example.com,QWIL_wiZOvalo_FN_012_B,QWIL_wiZOvalo_LN_012_B,555-0025
003T700000JzecPIAR,qwil_wizovalo_13a@perftest.example.com,QWIL_wiZOvalo_FN_013_A,QWIL_wiZOvalo_LN_013_A,555-0026
003T700000JzecQIAR,qwil_wizovalo_13b@perftest.example.com,QWIL_wiZOvalo_FN_013_B,QWIL_wiZOvalo_LN_013_B,555-0027
003T700000JzecRIAR,qwil_wizovalo_14a@perftest.example.com,QWIL_wiZOvalo_FN_014_A,QWIL_wiZOvalo_LN_014_A,555-0028
003T700000JzecSIAR,qwil_wizovalo_14b@perftest.example.com,QWIL_wiZOvalo_FN_014_B,QWIL_wiZOvalo_LN_014_B,555-0029
003T700000JzecTIAR,qwil_wizovalo_15a@perftest.example.com,QWIL_wiZOvalo_FN_015_A,QWIL_wiZOvalo_LN_015_A,555-0030
003T700000JzecUIAR,qwil_wizovalo_15b@perftest.example.com,QWIL_wiZOvalo_FN_015_B,QWIL_wiZOvalo_LN_015_B,555-0031
003T700000JzecVIAR,qwil_wizovalo_16a@perftest.example.com,QWIL_wiZOvalo_FN_016_A,QWIL_wiZOvalo_LN_016_A,555-0032
003T700000JzecWIAR,qwil_wizovalo_16b@perftest.example.com,QWIL_wiZOvalo_FN_016_B,QWIL_wiZOvalo_LN_016_B,555-0033
003T700000JzecXIAR,qwil_wizovalo_17a@perftest.example.com,QWIL_wiZOvalo_FN_017_A,QWIL_wiZOvalo_LN_017_A,555-0034
003T700000JzecYIAR,qwil_wizovalo_17b@perftest.example.com,QWIL_wiZOvalo_FN_017_B,QWIL_wiZOvalo_LN_017_B,555-0035
003T700000JzecZIAR,qwil_wizovalo_18a@perftest.example.com,QWIL_wiZOvalo_FN_018_A,QWIL_wiZOvalo_LN_018_A,555-0036
003T700000JzecaIAB,qwil_wizovalo_18b@perftest.example.com,QWIL_wiZOvalo_FN_018_B,QWIL_wiZOvalo_LN_018_B,555-0037
003T700000JzecbIAB,qwil_wizovalo_19a@perftest.example.com,QWIL_wiZOvalo_FN_019_A,QWIL_wiZOvalo_LN_019_A,555-0038
003T700000JzeccIAB,qwil_wizovalo_19b@perftest.example.com,QWIL_wiZOvalo_FN_019_B,QWIL_wiZOvalo_LN_019_B,555-0039
003T700000JzecdIAB,qwil_wizovalo_20a@perftest.example.com,QWIL_wiZOvalo_FN_020_A,QWIL_wiZOvalo_LN_020_A,555-0040
003T700000JzeceIAB,qwil_wizovalo_20b@perftest.example.com,QWIL_wiZOvalo_FN_020_B,QWIL_wiZOvalo_LN_020_B,555-0041
003T700000JzecfIAB,qwil_wizovalo_21a@perftest.example.com,QWIL_wiZOvalo_FN_021_A,QWIL_wiZOvalo_LN_021_A,555-0042
003T700000JzecgIAB,qwil_wizovalo_21b@perftest.example.com,QWIL_wiZOvalo_FN_021_B,QWIL_wiZOvalo_LN_021_B,555-0043
003T700000JzechIAB,qwil_wizovalo_22a@perftest.example.com,QWIL_wiZOvalo_FN_022_A,QWIL_wiZOvalo_LN_022_A,555-0044
003T700000JzeciIAB,qwil_wizovalo_22b@perftest.example.com,QWIL_wiZOvalo_FN_022_B,QWIL_wiZOvalo_LN_022_B,555-0045
003T700000JzecjIAB,qwil_wizovalo_23a@perftest.example.com,QWIL_wiZOvalo_FN_023_A,QWIL_wiZOvalo_LN_023_A,555-0046
003T700000JzeckIAB,qwil_wizovalo_23b@perftest.example.com,QWIL_wiZOvalo_FN_023_B,QWIL_wiZOvalo_LN_023_B,555-0047
003T700000JzeclIAB,qwil_wizovalo_24a@perftest.example.com,QWIL_wiZOvalo_FN_024_A,QWIL_wiZOvalo_LN_024_A,555-0048
003T700000JzecmIAB,qwil_wizovalo_24b@perftest.example.com,QWIL_wiZOvalo_FN_024_B,QWIL_wiZOvalo_LN_024_B,555-0049
003T700000JzecnIAB,qwil_wizovalo_25a@perftest.example.com,QWIL_wiZOvalo_FN_025_A,QWIL_wiZOvalo_LN_025_A,555-0050
003T700000JzecoIAB,qwil_wizovalo_25b@perftest.example.com,QWIL_wiZOvalo_FN_025_B,QWIL_wiZOvalo_LN_025_B,555-0051
003T700000JzecpIAB,qwil_wizovalo_26a@perftest.example.com,QWIL_wiZOvalo_FN_026_A,QWIL_wiZOvalo_LN_026_A,555-0052
003T700000JzecqIAB,qwil_wizovalo_26b@perftest.example.com,QWIL_wiZOvalo_FN_026_B,QWIL_wiZOvalo_LN_026_B,555-0053
003T700000JzecrIAB,qwil_wizovalo_27a@perftest.example.com,QWIL_wiZOvalo_FN_027_A,QWIL_wiZOvalo_LN_027_A,555-0054
003T700000JzecsIAB,qwil_wizovalo_27b@perftest.example.com,QWIL_wiZOvalo_FN_027_B,QWIL_wiZOvalo_LN_027_B,555-0055
003T700000JzectIAB,qwil_wizovalo_28a@perftest.example.com,QWIL_wiZOvalo_FN_028_A,QWIL_wiZOvalo_LN_028_A,555-0056
003T700000JzecuIAB,qwil_wizovalo_28b@perftest.example.com,QWIL_wiZOvalo_FN_028_B,QWIL_wiZOvalo_LN_028_B,555-0057
003T700000JzecvIAB,qwil_wizovalo_29a@perftest.example.com,QWIL_wiZOvalo_FN_029_A,QWIL_wiZOvalo_LN_029_A,555-0058
003T700000JzecwIAB,qwil_wizovalo_29b@perftest.example.com,QWIL_wiZOvalo_FN_029_B,QWIL_wiZOvalo_LN_029_B,555-0059
003T700000JzecxIAB,qwil_wizovalo_30a@perftest.example.com,QWIL_wiZOvalo_FN_030_A,QWIL_wiZOvalo_LN_030_A,555-0060
003T700000JzecyIAB,qwil_wizovalo_30b@perftest.example.com,QWIL_wiZOvalo_FN_030_B,QWIL_wiZOvalo_LN_030_B,555-0061
003T700000JzeczIAB,qwil_wizovalo_31a@perftest.example.com,QWIL_wiZOvalo_FN_031_A,QWIL_wiZOvalo_LN_031_A,555-0062
003T700000Jzed0IAB,qwil_wizovalo_31b@perftest.example.com,QWIL_wiZOvalo_FN_031_B,QWIL_wiZOvalo_LN_031_B,555-0063
003T700000Jzed1IAB,qwil_wizovalo_32a@perftest.example.com,QWIL_wiZOvalo_FN_032_A,QWIL_wiZOvalo_LN_032_A,555-0064
003T700000Jzed2IAB,qwil_wizovalo_32b@perftest.example.com,QWIL_wiZOvalo_FN_032_B,QWIL_wiZOvalo_LN_032_B,555-0065
003T700000Jzed3IAB,qwil_wizovalo_33a@perftest.example.com,QWIL_wiZOvalo_FN_033_A,QWIL_wiZOvalo_LN_033_A,555-0066
003T700000Jzed4IAB,qwil_wizovalo_33b@perftest.example.com,QWIL_wiZOvalo_FN_033_B,QWIL_wiZOvalo_LN_033_B,555-0067
003T700000Jzed5IAB,qwil_wizovalo_34a@perftest.example.com,QWIL_wiZOvalo_FN_034_A,QWIL_wiZOvalo_LN_034_A,555-0068
003T700000Jzed6IAB,qwil_wizovalo_34b@perftest.example.com,QWIL_wiZOvalo_FN_034_B,QWIL_wiZOvalo_LN_034_B,555-0069
003T700000Jzed7IAB,qwil_wizovalo_35a@perftest.example.com,QWIL_wiZOvalo_FN_035_A,QWIL_wiZOvalo_LN_035_A,555-0070
003T700000Jzed8IAB,qwil_wizovalo_35b@perftest.example.com,QWIL_wiZOvalo_FN_035_B,QWIL_wiZOvalo_LN_035_B,555-0071
003T700000Jzed9IAB,qwil_wizovalo_36a@perftest.example.com,QWIL_wiZOvalo_FN_036_A,QWIL_wiZOvalo_LN_036_A,555-0072
003T700000JzedAIAR,qwil_wizovalo_36b@perftest.example.com,QWIL_wiZOvalo_FN_036_B,QWIL_wiZOvalo_LN_036_B,555-0073
003T700000JzedBIAR,qwil_wizovalo_37a@perftest.example.com,QWIL_wiZOvalo_FN_037_A,QWIL_wiZOvalo_LN_037_A,555-0074
003T700000JzedCIAR,qwil_wizovalo_37b@perftest.example.com,QWIL_wiZOvalo_FN_037_B,QWIL_wiZOvalo_LN_037_B,555-0075
003T700000JzedDIAR,qwil_wizovalo_38a@perftest.example.com,QWIL_wiZOvalo_FN_038_A,QWIL_wiZOvalo_LN_038_A,555-0076
003T700000JzedEIAR,qwil_wizovalo_38b@perftest.example.com,QWIL_wiZOvalo_FN_038_B,QWIL_wiZOvalo_LN_038_B,555-0077
003T700000JzedFIAR,qwil_wizovalo_39a@perftest.example.com,QWIL_wiZOvalo_FN_039_A,QWIL_wiZOvalo_LN_039_A,555-0078
003T700000JzedGIAR,qwil_wizovalo_39b@perftest.example.com,QWIL_wiZOvalo_FN_039_B,QWIL_wiZOvalo_LN_039_B,555-0079
003T700000JzedHIAR,qwil_wizovalo_40a@perftest.example.com,QWIL_wiZOvalo_FN_040_A,QWIL_wiZOvalo_LN_040_A,555-0080
003T700000JzedIIAR,qwil_wizovalo_40b@perftest.example.com,QWIL_wiZOvalo_FN_040_B,QWIL_wiZOvalo_LN_040_B,555-0081
003T700000JzedJIAR,qwil_wizovalo_41a@perftest.example.com,QWIL_wiZOvalo_FN_041_A,QWIL_wiZOvalo_LN_041_A,555-0082
003T700000JzedKIAR,qwil_wizovalo_41b@perftest.example.com,QWIL_wiZOvalo_FN_041_B,QWIL_wiZOvalo_LN_041_B,555-0083
003T700000JzedLIAR,qwil_wizovalo_42a@perftest.example.com,QWIL_wiZOvalo_FN_042_A,QWIL_wiZOvalo_LN_042_A,555-0084
003T700000JzedMIAR,qwil_wizovalo_42b@perftest.example.com,QWIL_wiZOvalo_FN_042_B,QWIL_wiZOvalo_LN_042_B,555-0085
003T700000JzedNIAR,qwil_wizovalo_43a@perftest.example.com,QWIL_wiZOvalo_FN_043_A,QWIL_wiZOvalo_LN_043_A,555-0086
003T700000JzedOIAR,qwil_wizovalo_43b@perftest.example.com,QWIL_wiZOvalo_FN_043_B,QWIL_wiZOvalo_LN_043_B,555-0087
003T700000JzedPIAR,qwil_wizovalo_44a@perftest.example.com,QWIL_wiZOvalo_FN_044_A,QWIL_wiZOvalo_LN_044_A,555-0088
003T700000JzedQIAR,qwil_wizovalo_44b@perftest.example.com,QWIL_wiZOvalo_FN_044_B,QWIL_wiZOvalo_LN_044_B,555-0089
003T700000JzedRIAR,qwil_wizovalo_45a@perftest.example.com,QWIL_wiZOvalo_FN_045_A,QWIL_wiZOvalo_LN_045_A,555-0090
003T700000JzedSIAR,qwil_wizovalo_45b@perftest.example.com,QWIL_wiZOvalo_FN_045_B,QWIL_wiZOvalo_LN_045_B,555-0091
003T700000JzedTIAR,qwil_wizovalo_46a@perftest.example.com,QWIL_wiZOvalo_FN_046_A,QWIL_wiZOvalo_LN_046_A,555-0092
003T700000JzedUIAR,qwil_wizovalo_46b@perftest.example.com,QWIL_wiZOvalo_FN_046_B,QWIL_wiZOvalo_LN_046_B,555-0093
003T700000JzfHpIAJ,qwil_wizovalo_47a@perftest.example.com,QWIL_wiZOvalo_FN_047_A,QWIL_wiZOvalo_LN_047_A,555-0094
003T700000JzfHqIAJ,qwil_wizovalo_47b@perftest.example.com,QWIL_wiZOvalo_FN_047_B,QWIL_wiZOvalo_LN_047_B,555-0095
003T700000JzfHrIAJ,qwil_wizovalo_48a@perftest.example.com,QWIL_wiZOvalo_FN_048_A,QWIL_wiZOvalo_LN_048_A,555-0096
003T700000JzfHsIAJ,qwil_wizovalo_48b@perftest.example.com,QWIL_wiZOvalo_FN_048_B,QWIL_wiZOvalo_LN_048_B,555-0097
003T700000JzfHtIAJ,qwil_wizovalo_49a@perftest.example.com,QWIL_wiZOvalo_FN_049_A,QWIL_wiZOvalo_LN_049_A,555-0098
003T700000JzfHuIAJ,qwil_wizovalo_49b@perftest.example.com,QWIL_wiZOvalo_FN_049_B,QWIL_wiZOvalo_LN_049_B,555-0099
003T700000JzfHvIAJ,qwil_wizovalo_50a@perftest.example.com,QWIL_wiZOvalo_FN_050_A,QWIL_wiZOvalo_LN_050_A,555-0100
003T700000JzfHwIAJ,qwil_wizovalo_50b@perftest.example.com,QWIL_wiZOvalo_FN_050_B,QWIL_wiZOvalo_LN_050_B,555-0101
003T700000JzfJRIAZ,qwil_wizovalo_51a@perftest.example.com,QWIL_wiZOvalo_FN_051_A,QWIL_wiZOvalo_LN_051_A,555-0102
003T700000JzfJSIAZ,qwil_wizovalo_51b@perftest.example.com,QWIL_wiZOvalo_FN_051_B,QWIL_wiZOvalo_LN_051_B,555-0103
003T700000JzfJTIAZ,qwil_wizovalo_52a@perftest.example.com,QWIL_wiZOvalo_FN_052_A,QWIL_wiZOvalo_LN_052_A,555-0104
003T700000JzfJUIAZ,qwil_wizovalo_52b@perftest.example.com,QWIL_wiZOvalo_FN_052_B,QWIL_wiZOvalo_LN_052_B,555-0105
003T700000JzfJVIAZ,qwil_wizovalo_53a@perftest.example.com,QWIL_wiZOvalo_FN_053_A,QWIL_wiZOvalo_LN_053_A,555-0106
003T700000JzfJWIAZ,qwil_wizovalo_53b@perftest.example.com,QWIL_wiZOvalo_FN_053_B,QWIL_wiZOvalo_LN_053_B,555-0107
003T700000JzfJXIAZ,qwil_wizovalo_54a@perftest.example.com,QWIL_wiZOvalo_FN_054_A,QWIL_wiZOvalo_LN_054_A,555-0108
003T700000JzfJYIAZ,qwil_wizovalo_54b@perftest.example.com,QWIL_wiZOvalo_FN_054_B,QWIL_wiZOvalo_LN_054_B,555-0109
003T700000JzfJZIAZ,qwil_wizovalo_55a@perftest.example.com,QWIL_wiZOvalo_FN_055_A,QWIL_wiZOvalo_LN_055_A,555-0110
003T700000JzfJaIAJ,qwil_wizovalo_55b@perftest.example.com,QWIL_wiZOvalo_FN_055_B,QWIL_wiZOvalo_LN_055_B,555-0111
003T700000JzfJbIAJ,qwil_wizovalo_56a@perftest.example.com,QWIL_wiZOvalo_FN_056_A,QWIL_wiZOvalo_LN_056_A,555-0112
003T700000JzfJcIAJ,qwil_wizovalo_56b@perftest.example.com,QWIL_wiZOvalo_FN_056_B,QWIL_wiZOvalo_LN_056_B,555-0113
003T700000JzfJdIAJ,qwil_wizovalo_57a@perftest.example.com,QWIL_wiZOvalo_FN_057_A,QWIL_wiZOvalo_LN_057_A,555-0114
003T700000JzfJeIAJ,qwil_wizovalo_57b@perftest.example.com,QWIL_wiZOvalo_FN_057_B,QWIL_wiZOvalo_LN_057_B,555-0115
003T700000JzfJfIAJ,qwil_wizovalo_58a@perftest.example.com,QWIL_wiZOvalo_FN_058_A,QWIL_wiZOvalo_LN_058_A,555-0116
003T700000JzfJgIAJ,qwil_wizovalo_58b@perftest.example.com,QWIL_wiZOvalo_FN_058_B,QWIL_wiZOvalo_LN_058_B,555-0117
003T700000JzfJhIAJ,qwil_wizovalo_59a@perftest.example.com,QWIL_wiZOvalo_FN_059_A,QWIL_wiZOvalo_LN_059_A,555-0118
003T700000JzfJiIAJ,qwil_wizovalo_59b@perftest.example.com,QWIL_wiZOvalo_FN_059_B,QWIL_wiZOvalo_LN_059_B,555-0119
003T700000JzfJjIAJ,qwil_wizovalo_60a@perftest.example.com,QWIL_wiZOvalo_FN_060_A,QWIL_wiZOvalo_LN_060_A,555-0120
003T700000JzfJkIAJ,qwil_wizovalo_60b@perftest.example.com,QWIL_wiZOvalo_FN_060_B,QWIL_wiZOvalo_LN_060_B,555-0121
003T700000JzfJlIAJ,qwil_wizovalo_61a@perftest.example.com,QWIL_wiZOvalo_FN_061_A,QWIL_wiZOvalo_LN_061_A,555-0122
003T700000JzfJmIAJ,qwil_wizovalo_61b@perftest.example.com,QWIL_wiZOvalo_FN_061_B,QWIL_wiZOvalo_LN_061_B,555-0123
003T700000JzfJnIAJ,qwil_wizovalo_62a@perftest.example.com,QWIL_wiZOvalo_FN_062_A,QWIL_wiZOvalo_LN_062_A,555-0124
003T700000JzfJoIAJ,qwil_wizovalo_62b@perftest.example.com,QWIL_wiZOvalo_FN_062_B,QWIL_wiZOvalo_LN_062_B,555-0125
003T700000JzfJpIAJ,qwil_wizovalo_63a@perftest.example.com,QWIL_wiZOvalo_FN_063_A,QWIL_wiZOvalo_LN_063_A,555-0126
003T700000JzfJqIAJ,qwil_wizovalo_63b@perftest.example.com,QWIL_wiZOvalo_FN_063_B,QWIL_wiZOvalo_LN_063_B,555-0127
003T700000JzfJrIAJ,qwil_wizovalo_64a@perftest.example.com,QWIL_wiZOvalo_FN_064_A,QWIL_wiZOvalo_LN_064_A,555-0128
003T700000JzfJsIAJ,qwil_wizovalo_64b@perftest.example.com,QWIL_wiZOvalo_FN_064_B,QWIL_wiZOvalo_LN_064_B,555-0129
003T700000JzfJtIAJ,qwil_wizovalo_65a@perftest.example.com,QWIL_wiZOvalo_FN_065_A,QWIL_wiZOvalo_LN_065_A,555-0130
003T700000JzfJuIAJ,qwil_wizovalo_65b@perftest.example.com,QWIL_wiZOvalo_FN_065_B,QWIL_wiZOvalo_LN_065_B,555-0131
003T700000JzfJvIAJ,qwil_wizovalo_66a@perftest.example.com,QWIL_wiZOvalo_FN_066_A,QWIL_wiZOvalo_LN_066_A,555-0132
003T700000JzfJwIAJ,qwil_wizovalo_66b@perftest.example.com,QWIL_wiZOvalo_FN_066_B,QWIL_wiZOvalo_LN_066_B,555-0133
003T700000JzfJxIAJ,qwil_wizovalo_67a@perftest.example.com,QWIL_wiZOvalo_FN_067_A,QWIL_wiZOvalo_LN_067_A,555-0134
003T700000JzfJyIAJ,qwil_wizovalo_67b@perftest.example.com,QWIL_wiZOvalo_FN_067_B,QWIL_wiZOvalo_LN_067_B,555-0135
003T700000JzfJzIAJ,qwil_wizovalo_68a@perftest.example.com,QWIL_wiZOvalo_FN_068_A,QWIL_wiZOvalo_LN_068_A,555-0136
003T700000JzfK0IAJ,qwil_wizovalo_68b@perftest.example.com,QWIL_wiZOvalo_FN_068_B,QWIL_wiZOvalo_LN_068_B,555-0137
003T700000JzfK1IAJ,qwil_wizovalo_69a@perftest.example.com,QWIL_wiZOvalo_FN_069_A,QWIL_wiZOvalo_LN_069_A,555-0138
003T700000JzfK2IAJ,qwil_wizovalo_69b@perftest.example.com,QWIL_wiZOvalo_FN_069_B,QWIL_wiZOvalo_LN_069_B,555-0139
003T700000JzfK3IAJ,qwil_wizovalo_70a@perftest.example.com,QWIL_wiZOvalo_FN_070_A,QWIL_wiZOvalo_LN_070_A,555-0140
003T700000JzfK4IAJ,qwil_wizovalo_70b@perftest.example.com,QWIL_wiZOvalo_FN_070_B,QWIL_wiZOvalo_LN_070_B,555-0141
003T700000JzfK5IAJ,qwil_wizovalo_71a@perftest.example.com,QWIL_wiZOvalo_FN_071_A,QWIL_wiZOvalo_LN_071_A,555-0142
003T700000JzfK6IAJ,qwil_wizovalo_71b@perftest.example.com,QWIL_wiZOvalo_FN_071_B,QWIL_wiZOvalo_LN_071_B,555-0143
003T700000JzfK7IAJ,qwil_wizovalo_72a@perftest.example.com,QWIL_wiZOvalo_FN_072_A,QWIL_wiZOvalo_LN_072_A,555-0144
003T700000JzfK8IAJ,qwil_wizovalo_72b@perftest.example.com,QWIL_wiZOvalo_FN_072_B,QWIL_wiZOvalo_LN_072_B,555-0145
003T700000JzfK9IAJ,qwil_wizovalo_73a@perftest.example.com,QWIL_wiZOvalo_FN_073_A,QWIL_wiZOvalo_LN_073_A,555-0146
003T700000JzfKAIAZ,qwil_wizovalo_73b@perftest.example.com,QWIL_wiZOvalo_FN_073_B,QWIL_wiZOvalo_LN_073_B,555-0147
003T700000JzfKBIAZ,qwil_wizovalo_74a@perftest.example.com,QWIL_wiZOvalo_FN_074_A,QWIL_wiZOvalo_LN_074_A,555-0148
003T700000JzfKCIAZ,qwil_wizovalo_74b@perftest.example.com,QWIL_wiZOvalo_FN_074_B,QWIL_wiZOvalo_LN_074_B,555-0149
003T700000JzfKDIAZ,qwil_wizovalo_75a@perftest.example.com,QWIL_wiZOvalo_FN_075_A,QWIL_wiZOvalo_LN_075_A,555-0150
003T700000JzfKEIAZ,qwil_wizovalo_75b@perftest.example.com,QWIL_wiZOvalo_FN_075_B,QWIL_wiZOvalo_LN_075_B,555-0151
003T700000JzfKFIAZ,qwil_wizovalo_76a@perftest.example.com,QWIL_wiZOvalo_FN_076_A,QWIL_wiZOvalo_LN_076_A,555-0152
003T700000JzfKGIAZ,qwil_wizovalo_76b@perftest.example.com,QWIL_wiZOvalo_FN_076_B,QWIL_wiZOvalo_LN_076_B,555-0153
003T700000JzfKHIAZ,qwil_wizovalo_77a@perftest.example.com,QWIL_wiZOvalo_FN_077_A,QWIL_wiZOvalo_LN_077_A,555-0154
003T700000JzfKIIAZ,qwil_wizovalo_77b@perftest.example.com,QWIL_wiZOvalo_FN_077_B,QWIL_wiZOvalo_LN_077_B,555-0155
003T700000JzfKJIAZ,qwil_wizovalo_78a@perftest.example.com,QWIL_wiZOvalo_FN_078_A,QWIL_wiZOvalo_LN_078_A,555-0156
003T700000JzfKKIAZ,qwil_wizovalo_78b@perftest.example.com,QWIL_wiZOvalo_FN_078_B,QWIL_wiZOvalo_LN_078_B,555-0157
003T700000JzfKLIAZ,qwil_wizovalo_79a@perftest.example.com,QWIL_wiZOvalo_FN_079_A,QWIL_wiZOvalo_LN_079_A,555-0158
003T700000JzfKMIAZ,qwil_wizovalo_79b@perftest.example.com,QWIL_wiZOvalo_FN_079_B,QWIL_wiZOvalo_LN_079_B,555-0159
003T700000JzfKNIAZ,qwil_wizovalo_80a@perftest.example.com,QWIL_wiZOvalo_FN_080_A,QWIL_wiZOvalo_LN_080_A,555-0160
003T700000JzfKOIAZ,qwil_wizovalo_80b@perftest.example.com,QWIL_wiZOvalo_FN_080_B,QWIL_wiZOvalo_LN_080_B,555-0161
