Id,Amount,CloseDate,Name,StageName
006T700000G5zEXIAZ,10000,2026-12-31,MDD_oaK9TrUS_Opp_001,Prospecting
006T700000G5zEYIAZ,20000,2026-12-31,MDD_oaK9TrUS_Opp_002,Prospecting
006T700000G5zEZIAZ,30000,2026-12-31,MDD_oaK9TrUS_Opp_003,Prospecting
006T700000G5zEaIAJ,40000,2026-12-31,MDD_oaK9TrUS_Opp_004,Prospecting
006T700000G5zEbIAJ,50000,2026-12-31,MDD_oaK9TrUS_Opp_005,Prospecting
006T700000G5zEcIAJ,60000,2026-12-31,MDD_oaK9TrUS_Opp_006,Prospecting
006T700000G5zEdIAJ,70000,2026-12-31,MDD_oaK9TrUS_Opp_007,Prospecting
006T700000G5zEeIAJ,80000,2026-12-31,MDD_oaK9TrUS_Opp_008,Prospecting
006T700000G5zEfIAJ,90000,2026-12-31,MDD_oaK9TrUS_Opp_009,Prospecting
006T700000G5zEgIAJ,100000,2026-12-31,MDD_oaK9TrUS_Opp_010,Prospecting
006T700000G60FRIAZ,10000,2026-12-31,MDD_Q4lP0X7Y_Opp_001,Prospecting
006T700000G60FSIAZ,20000,2026-12-31,MDD_Q4lP0X7Y_Opp_002,Prospecting
006T700000G60FTIAZ,30000,2026-12-31,MDD_Q4lP0X7Y_Opp_003,Prospecting
006T700000G60FUIAZ,40000,2026-12-31,MDD_Q4lP0X7Y_Opp_004,Prospecting
006T700000G60FVIAZ,50000,2026-12-31,MDD_Q4lP0X7Y_Opp_005,Prospecting
006T700000G60FWIAZ,60000,2026-12-31,MDD_Q4lP0X7Y_Opp_006,Prospecting
006T700000G60FXIAZ,70000,2026-12-31,MDD_Q4lP0X7Y_Opp_007,Prospecting
006T700000G60FYIAZ,80000,2026-12-31,MDD_Q4lP0X7Y_Opp_008,Prospecting
006T700000G60FZIAZ,90000,2026-12-31,MDD_Q4lP0X7Y_Opp_009,Prospecting
006T700000G60FaIAJ,100000,2026-12-31,MDD_Q4lP0X7Y_Opp_010,Prospecting
006T700000G61cvIAB,10000,2026-12-31,MDD_gqVQvWEs_Opp_001,Prospecting
006T700000G61cwIAB,20000,2026-12-31,MDD_gqVQvWEs_Opp_002,Prospecting
006T700000G61cxIAB,30000,2026-12-31,MDD_gqVQvWEs_Opp_003,Prospecting
006T700000G61cyIAB,40000,2026-12-31,MDD_gqVQvWEs_Opp_004,Prospecting
006T700000G61czIAB,50000,2026-12-31,MDD_gqVQvWEs_Opp_005,Prospecting
006T700000G61d0IAB,60000,2026-12-31,MDD_gqVQvWEs_Opp_006,Prospecting
006T700000G61d1IAB,70000,2026-12-31,MDD_gqVQvWEs_Opp_007,Prospecting
006T700000G61d2IAB,80000,2026-12-31,MDD_gqVQvWEs_Opp_008,Prospecting
006T700000G61d3IAB,90000,2026-12-31,MDD_gqVQvWEs_Opp_009,Prospecting
006T700000G61d4IAB,100000,2026-12-31,MDD_gqVQvWEs_Opp_010,Prospecting
006T700000G64MRIAZ,10000,2026-12-31,MDD_dXAi3otI_Opp_001,Prospecting
006T700000G64MSIAZ,20000,2026-12-31,MDD_dXAi3otI_Opp_002,Prospecting
006T700000G64MTIAZ,30000,2026-12-31,MDD_dXAi3otI_Opp_003,Prospecting
006T700000G64MUIAZ,40000,2026-12-31,MDD_dXAi3otI_Opp_004,Prospecting
006T700000G64MVIAZ,50000,2026-12-31,MDD_dXAi3otI_Opp_005,Prospecting
006T700000G64MWIAZ,60000,2026-12-31,MDD_dXAi3otI_Opp_006,Prospecting
006T700000G64MXIAZ,70000,2026-12-31,MDD_dXAi3otI_Opp_007,Prospecting
006T700000G64MYIAZ,80000,2026-12-31,MDD_dXAi3otI_Opp_008,Prospecting
006T700000G64MZIAZ,90000,2026-12-31,MDD_dXAi3otI_Opp_009,Prospecting
006T700000G64MaIAJ,100000,2026-12-31,MDD_dXAi3otI_Opp_010,Prospecting
006T700000G6573IAB,10000,2026-12-31,MDD_P96acBsQ_Opp_001,Prospecting
006T700000G6574IAB,20000,2026-12-31,MDD_P96acBsQ_Opp_002,Prospecting
006T700000G6575IAB,30000,2026-12-31,MDD_P96acBsQ_Opp_003,Prospecting
006T700000G6576IAB,40000,2026-12-31,MDD_P96acBsQ_Opp_004,Prospecting
006T700000G6577IAB,50000,2026-12-31,MDD_P96acBsQ_Opp_005,Prospecting
006T700000G6578IAB,60000,2026-12-31,MDD_P96acBsQ_Opp_006,Prospecting
006T700000G6579IAB,70000,2026-12-31,MDD_P96acBsQ_Opp_007,Prospecting
006T700000G657AIAR,80000,2026-12-31,MDD_P96acBsQ_Opp_008,Prospecting
006T700000G657BIAR,90000,2026-12-31,MDD_P96acBsQ_Opp_009,Prospecting
006T700000G657CIAR,100000,2026-12-31,MDD_P96acBsQ_Opp_010,Prospecting
006T700000G68ePIAR,10000,2026-12-31,MDD_sOuJ3nZj_Opp_001,Prospecting
006T700000G68eQIAR,20000,2026-12-31,MDD_sOuJ3nZj_Opp_002,Prospecting
006T700000G68eRIAR,30000,2026-12-31,MDD_sOuJ3nZj_Opp_003,Prospecting
006T700000G68eSIAR,40000,2026-12-31,MDD_sOuJ3nZj_Opp_004,Prospecting
006T700000G68eTIAR,50000,2026-12-31,MDD_sOuJ3nZj_Opp_005,Prospecting
006T700000G68eUIAR,60000,2026-12-31,MDD_sOuJ3nZj_Opp_006,Prospecting
006T700000G68eVIAR,70000,2026-12-31,MDD_sOuJ3nZj_Opp_007,Prospecting
006T700000G68eWIAR,80000,2026-12-31,MDD_sOuJ3nZj_Opp_008,Prospecting
006T700000G68eXIAR,90000,2026-12-31,MDD_sOuJ3nZj_Opp_009,Prospecting
006T700000G68eYIAR,100000,2026-12-31,MDD_sOuJ3nZj_Opp_010,Prospecting
006T700000G69SjIAJ,10000,2026-12-31,MDD_72yJp3eY_Opp_001,Prospecting
006T700000G69SkIAJ,20000,2026-12-31,MDD_72yJp3eY_Opp_002,Prospecting
006T700000G69SlIAJ,30000,2026-12-31,MDD_72yJp3eY_Opp_003,Prospecting
006T700000G69SmIAJ,40000,2026-12-31,MDD_72yJp3eY_Opp_004,Prospecting
006T700000G69SnIAJ,50000,2026-12-31,MDD_72yJp3eY_Opp_005,Prospecting
006T700000G69SoIAJ,60000,2026-12-31,MDD_72yJp3eY_Opp_006,Prospecting
006T700000G69SpIAJ,70000,2026-12-31,MDD_72yJp3eY_Opp_007,Prospecting
006T700000G69SqIAJ,80000,2026-12-31,MDD_72yJp3eY_Opp_008,Prospecting
006T700000G69SrIAJ,90000,2026-12-31,MDD_72yJp3eY_Opp_009,Prospecting
006T700000G69SsIAJ,100000,2026-12-31,MDD_72yJp3eY_Opp_010,Prospecting
006T700000G6NgpIAF,10000,2026-12-31,MDD_uPc6qywd_Opp_001,Prospecting
006T700000G6NgqIAF,20000,2026-12-31,MDD_uPc6qywd_Opp_002,Prospecting
006T700000G6NgrIAF,30000,2026-12-31,MDD_uPc6qywd_Opp_003,Prospecting
006T700000G6NgsIAF,40000,2026-12-31,MDD_uPc6qywd_Opp_004,Prospecting
006T700000G6NgtIAF,50000,2026-12-31,MDD_uPc6qywd_Opp_005,Prospecting
006T700000G6NguIAF,60000,2026-12-31,MDD_uPc6qywd_Opp_006,Prospecting
006T700000G6NgvIAF,70000,2026-12-31,MDD_uPc6qywd_Opp_007,Prospecting
006T700000G6NgwIAF,80000,2026-12-31,MDD_uPc6qywd_Opp_008,Prospecting
006T700000G6NgxIAF,90000,2026-12-31,MDD_uPc6qywd_Opp_009,Prospecting
006T700000G6NgyIAF,100000,2026-12-31,MDD_uPc6qywd_Opp_010,Prospecting
006T700000G6XGDIA3,10000,2026-12-31,MDD_f2CwzO3k_Opp_001,Prospecting
006T700000G6XGEIA3,20000,2026-12-31,MDD_f2CwzO3k_Opp_002,Prospecting
006T700000G6XGFIA3,30000,2026-12-31,MDD_f2CwzO3k_Opp_003,Prospecting
006T700000G6XGGIA3,40000,2026-12-31,MDD_f2CwzO3k_Opp_004,Prospecting
006T700000G6XGHIA3,50000,2026-12-31,MDD_f2CwzO3k_Opp_005,Prospecting
006T700000G6XGIIA3,60000,2026-12-31,MDD_f2CwzO3k_Opp_006,Prospecting
006T700000G6XGJIA3,70000,2026-12-31,MDD_f2CwzO3k_Opp_007,Prospecting
006T700000G6XGKIA3,80000,2026-12-31,MDD_f2CwzO3k_Opp_008,Prospecting
006T700000G6XGLIA3,90000,2026-12-31,MDD_f2CwzO3k_Opp_009,Prospecting
006T700000G6XGMIA3,100000,2026-12-31,MDD_f2CwzO3k_Opp_010,Prospecting
006T700000G6e9dIAB,10000,2026-12-31,MDD_vvUaTJzr_Opp_001,Prospecting
006T700000G6e9eIAB,20000,2026-12-31,MDD_vvUaTJzr_Opp_002,Prospecting
006T700000G6e9fIAB,30000,2026-12-31,MDD_vvUaTJzr_Opp_003,Prospecting
006T700000G6e9gIAB,40000,2026-12-31,MDD_vvUaTJzr_Opp_004,Prospecting
006T700000G6e9hIAB,50000,2026-12-31,MDD_vvUaTJzr_Opp_005,Prospecting
006T700000G6e9iIAB,60000,2026-12-31,MDD_vvUaTJzr_Opp_006,Prospecting
006T700000G6e9jIAB,70000,2026-12-31,MDD_vvUaTJzr_Opp_007,Prospecting
006T700000G6e9kIAB,80000,2026-12-31,MDD_vvUaTJzr_Opp_008,Prospecting
006T700000G6e9lIAB,90000,2026-12-31,MDD_vvUaTJzr_Opp_009,Prospecting
006T700000G6e9mIAB,100000,2026-12-31,MDD_vvUaTJzr_Opp_010,Prospecting
006T700000G6fwvIAB,10000,2026-12-31,MDD_QVYG2ivz_Opp_001,Prospecting
006T700000G6fwwIAB,20000,2026-12-31,MDD_QVYG2ivz_Opp_002,Prospecting
006T700000G6fwxIAB,30000,2026-12-31,MDD_QVYG2ivz_Opp_003,Prospecting
006T700000G6fwyIAB,40000,2026-12-31,MDD_QVYG2ivz_Opp_004,Prospecting
006T700000G6fwzIAB,50000,2026-12-31,MDD_QVYG2ivz_Opp_005,Prospecting
006T700000G6fx0IAB,60000,2026-12-31,MDD_QVYG2ivz_Opp_006,Prospecting
006T700000G6fx1IAB,70000,2026-12-31,MDD_QVYG2ivz_Opp_007,Prospecting
006T700000G6fx2IAB,80000,2026-12-31,MDD_QVYG2ivz_Opp_008,Prospecting
006T700000G6fx3IAB,90000,2026-12-31,MDD_QVYG2ivz_Opp_009,Prospecting
006T700000G6fx4IAB,100000,2026-12-31,MDD_QVYG2ivz_Opp_010,Prospecting
006T700000G6iyVIAR,10000,2026-12-31,MDD_mBREAxpD_Opp_001,Prospecting
006T700000G6iyWIAR,20000,2026-12-31,MDD_mBREAxpD_Opp_002,Prospecting
006T700000G6iyXIAR,30000,2026-12-31,MDD_mBREAxpD_Opp_003,Prospecting
006T700000G6iyYIAR,40000,2026-12-31,MDD_mBREAxpD_Opp_004,Prospecting
006T700000G6iyZIAR,50000,2026-12-31,MDD_mBREAxpD_Opp_005,Prospecting
006T700000G6iyaIAB,60000,2026-12-31,MDD_mBREAxpD_Opp_006,Prospecting
006T700000G6iybIAB,70000,2026-12-31,MDD_mBREAxpD_Opp_007,Prospecting
006T700000G6iycIAB,80000,2026-12-31,MDD_mBREAxpD_Opp_008,Prospecting
006T700000G6iydIAB,90000,2026-12-31,MDD_mBREAxpD_Opp_009,Prospecting
006T700000G6iyeIAB,100000,2026-12-31,MDD_mBREAxpD_Opp_010,Prospecting
006T700000G6juPIAR,10000,2026-12-31,MDD_ZUYwkLDO_Opp_001,Prospecting
006T700000G6juQIAR,20000,2026-12-31,MDD_ZUYwkLDO_Opp_002,Prospecting
006T700000G6juRIAR,30000,2026-12-31,MDD_ZUYwkLDO_Opp_003,Prospecting
006T700000G6juSIAR,40000,2026-12-31,MDD_ZUYwkLDO_Opp_004,Prospecting
006T700000G6juTIAR,50000,2026-12-31,MDD_ZUYwkLDO_Opp_005,Prospecting
006T700000G6juUIAR,60000,2026-12-31,MDD_ZUYwkLDO_Opp_006,Prospecting
006T700000G6juVIAR,70000,2026-12-31,MDD_ZUYwkLDO_Opp_007,Prospecting
006T700000G6juWIAR,80000,2026-12-31,MDD_ZUYwkLDO_Opp_008,Prospecting
006T700000G6juXIAR,90000,2026-12-31,MDD_ZUYwkLDO_Opp_009,Prospecting
006T700000G6juYIAR,100000,2026-12-31,MDD_ZUYwkLDO_Opp_010,Prospecting
006T700000G74SHIAZ,10000,2026-12-31,MDD_JXumXjgd_Opp_001,Prospecting
006T700000G74SIIAZ,20000,2026-12-31,MDD_JXumXjgd_Opp_002,Prospecting
006T700000G74SJIAZ,30000,2026-12-31,MDD_JXumXjgd_Opp_003,Prospecting
006T700000G74SKIAZ,40000,2026-12-31,MDD_JXumXjgd_Opp_004,Prospecting
006T700000G74SLIAZ,50000,2026-12-31,MDD_JXumXjgd_Opp_005,Prospecting
006T700000G74SMIAZ,60000,2026-12-31,MDD_JXumXjgd_Opp_006,Prospecting
006T700000G74SNIAZ,70000,2026-12-31,MDD_JXumXjgd_Opp_007,Prospecting
006T700000G74SOIAZ,80000,2026-12-31,MDD_JXumXjgd_Opp_008,Prospecting
006T700000G74SPIAZ,90000,2026-12-31,MDD_JXumXjgd_Opp_009,Prospecting
006T700000G74SQIAZ,100000,2026-12-31,MDD_JXumXjgd_Opp_010,Prospecting
006T700000G78cfIAB,10000,2026-12-31,MDD_63eHA6pN_Opp_001,Prospecting
006T700000G78cgIAB,20000,2026-12-31,MDD_63eHA6pN_Opp_002,Prospecting
006T700000G78chIAB,30000,2026-12-31,MDD_63eHA6pN_Opp_003,Prospecting
006T700000G78ciIAB,40000,2026-12-31,MDD_63eHA6pN_Opp_004,Prospecting
006T700000G78cjIAB,50000,2026-12-31,MDD_63eHA6pN_Opp_005,Prospecting
006T700000G78ckIAB,60000,2026-12-31,MDD_63eHA6pN_Opp_006,Prospecting
006T700000G78clIAB,70000,2026-12-31,MDD_63eHA6pN_Opp_007,Prospecting
006T700000G78cmIAB,80000,2026-12-31,MDD_63eHA6pN_Opp_008,Prospecting
006T700000G78cnIAB,90000,2026-12-31,MDD_63eHA6pN_Opp_009,Prospecting
006T700000G78coIAB,100000,2026-12-31,MDD_63eHA6pN_Opp_010,Prospecting
006T700000G7BK5IAN,10000,2026-12-31,MDD_K0FNuASg_Opp_001,Prospecting
006T700000G7BK6IAN,20000,2026-12-31,MDD_K0FNuASg_Opp_002,Prospecting
006T700000G7BK7IAN,30000,2026-12-31,MDD_K0FNuASg_Opp_003,Prospecting
006T700000G7BK8IAN,40000,2026-12-31,MDD_K0FNuASg_Opp_004,Prospecting
006T700000G7BK9IAN,50000,2026-12-31,MDD_K0FNuASg_Opp_005,Prospecting
006T700000G7BKAIA3,60000,2026-12-31,MDD_K0FNuASg_Opp_006,Prospecting
006T700000G7BKBIA3,70000,2026-12-31,MDD_K0FNuASg_Opp_007,Prospecting
006T700000G7BKCIA3,80000,2026-12-31,MDD_K0FNuASg_Opp_008,Prospecting
006T700000G7BKDIA3,90000,2026-12-31,MDD_K0FNuASg_Opp_009,Prospecting
006T700000G7BKEIA3,100000,2026-12-31,MDD_K0FNuASg_Opp_010,Prospecting
006T700000G7BZ5IAN,10000,2026-12-31,MDD_5EgqMGtE_Opp_001,Prospecting
006T700000G7BZ6IAN,20000,2026-12-31,MDD_5EgqMGtE_Opp_002,Prospecting
006T700000G7BZ7IAN,30000,2026-12-31,MDD_5EgqMGtE_Opp_003,Prospecting
006T700000G7BZ8IAN,40000,2026-12-31,MDD_5EgqMGtE_Opp_004,Prospecting
006T700000G7BZ9IAN,50000,2026-12-31,MDD_5EgqMGtE_Opp_005,Prospecting
006T700000G7BZAIA3,60000,2026-12-31,MDD_5EgqMGtE_Opp_006,Prospecting
006T700000G7BZBIA3,70000,2026-12-31,MDD_5EgqMGtE_Opp_007,Prospecting
006T700000G7BZCIA3,80000,2026-12-31,MDD_5EgqMGtE_Opp_008,Prospecting
006T700000G7BZDIA3,90000,2026-12-31,MDD_5EgqMGtE_Opp_009,Prospecting
006T700000G7BZEIA3,100000,2026-12-31,MDD_5EgqMGtE_Opp_010,Prospecting
006T700000G7TYjIAN,10000,2026-12-31,MDD_Lh2Fy01v_Opp_001,Prospecting
006T700000G7TYkIAN,20000,2026-12-31,MDD_Lh2Fy01v_Opp_002,Prospecting
006T700000G7TYlIAN,30000,2026-12-31,MDD_Lh2Fy01v_Opp_003,Prospecting
006T700000G7TYmIAN,40000,2026-12-31,MDD_Lh2Fy01v_Opp_004,Prospecting
006T700000G7TYnIAN,50000,2026-12-31,MDD_Lh2Fy01v_Opp_005,Prospecting
006T700000G7TYoIAN,60000,2026-12-31,MDD_Lh2Fy01v_Opp_006,Prospecting
006T700000G7TYpIAN,70000,2026-12-31,MDD_Lh2Fy01v_Opp_007,Prospecting
006T700000G7TYqIAN,80000,2026-12-31,MDD_Lh2Fy01v_Opp_008,Prospecting
006T700000G7TYrIAN,90000,2026-12-31,MDD_Lh2Fy01v_Opp_009,Prospecting
006T700000G7TYsIAN,100000,2026-12-31,MDD_Lh2Fy01v_Opp_010,Prospecting
006T700000G7vrZIAR,10000,2026-12-31,AWIL_GG3VCuaK_Opp_001,Prospecting
006T700000G7z0kIAB,10000,2026-12-31,AWIL_XSaT9lNH_Opp_001,Prospecting
006T700000G7zDeIAJ,10000,2026-12-31,AWIL_KHHLrfY2_Opp_001,Prospecting
006T700000G7zaDIAR,10000,2026-12-31,AWIL_gvQWyEQ2_Opp_001,Prospecting
006T700000G7zqLIAR,10000,2026-12-31,AWIL_R8Ucqsmc_Opp_001,Prospecting
006T700000G80eLIAR,10000,2026-12-31,AWIL_ST5Fre3j_Opp_001,Prospecting
006T700000G82oDIAR,10000,2026-12-31,AWIL_LpU9sRUO_Opp_001,Prospecting
006T700000G839BIAR,10000,2026-12-31,AWIL_is1SxTjm_Opp_001,Prospecting
006T700000G83abIAB,10000,2026-12-31,AWIL_pXoTWY0J_Opp_001,Prospecting
006T700000G85KfIAJ,10000,2026-12-31,AWIL_bHvz91FJ_Opp_001,Prospecting
006T700000G85KgIAJ,20000,2026-12-31,AWIL_bHvz91FJ_Opp_002,Prospecting
006T700000G85KhIAJ,30000,2026-12-31,AWIL_bHvz91FJ_Opp_003,Prospecting
006T700000G85KiIAJ,40000,2026-12-31,AWIL_bHvz91FJ_Opp_004,Prospecting
006T700000G85KjIAJ,50000,2026-12-31,AWIL_bHvz91FJ_Opp_005,Prospecting
006T700000G85KkIAJ,60000,2026-12-31,AWIL_bHvz91FJ_Opp_006,Prospecting
006T700000G85KlIAJ,70000,2026-12-31,AWIL_bHvz91FJ_Opp_007,Prospecting
006T700000G85KmIAJ,80000,2026-12-31,AWIL_bHvz91FJ_Opp_008,Prospecting
006T700000G85KnIAJ,90000,2026-12-31,AWIL_bHvz91FJ_Opp_009,Prospecting
006T700000G85KoIAJ,100000,2026-12-31,AWIL_bHvz91FJ_Opp_010,Prospecting
006T700000G89w9IAB,10000,2026-12-31,AWIL_3f9sDK1G_Opp_001,Prospecting
006T700000G89wAIAR,20000,2026-12-31,AWIL_3f9sDK1G_Opp_002,Prospecting
006T700000G89wBIAR,30000,2026-12-31,AWIL_3f9sDK1G_Opp_003,Prospecting
006T700000G89wCIAR,40000,2026-12-31,AWIL_3f9sDK1G_Opp_004,Prospecting
006T700000G89wDIAR,50000,2026-12-31,AWIL_3f9sDK1G_Opp_005,Prospecting
006T700000G89wEIAR,60000,2026-12-31,AWIL_3f9sDK1G_Opp_006,Prospecting
006T700000G89wFIAR,70000,2026-12-31,AWIL_3f9sDK1G_Opp_007,Prospecting
006T700000G89wGIAR,80000,2026-12-31,AWIL_3f9sDK1G_Opp_008,Prospecting
006T700000G89wHIAR,90000,2026-12-31,AWIL_3f9sDK1G_Opp_009,Prospecting
006T700000G89wIIAR,100000,2026-12-31,AWIL_3f9sDK1G_Opp_010,Prospecting
006T700000G89wJIAR,110000,2026-12-31,AWIL_3f9sDK1G_Opp_011,Prospecting
006T700000G89wKIAR,120000,2026-12-31,AWIL_3f9sDK1G_Opp_012,Prospecting
006T700000G89wLIAR,130000,2026-12-31,AWIL_3f9sDK1G_Opp_013,Prospecting
006T700000G89wMIAR,140000,2026-12-31,AWIL_3f9sDK1G_Opp_014,Prospecting
006T700000G89wNIAR,150000,2026-12-31,AWIL_3f9sDK1G_Opp_015,Prospecting
006T700000G89wOIAR,160000,2026-12-31,AWIL_3f9sDK1G_Opp_016,Prospecting
006T700000G89wPIAR,170000,2026-12-31,AWIL_3f9sDK1G_Opp_017,Prospecting
006T700000G89wQIAR,180000,2026-12-31,AWIL_3f9sDK1G_Opp_018,Prospecting
006T700000G89wRIAR,190000,2026-12-31,AWIL_3f9sDK1G_Opp_019,Prospecting
006T700000G89wSIAR,200000,2026-12-31,AWIL_3f9sDK1G_Opp_020,Prospecting
006T700000G89wTIAR,210000,2026-12-31,AWIL_3f9sDK1G_Opp_021,Prospecting
006T700000G89wUIAR,220000,2026-12-31,AWIL_3f9sDK1G_Opp_022,Prospecting
006T700000G89wVIAR,230000,2026-12-31,AWIL_3f9sDK1G_Opp_023,Prospecting
006T700000G89wWIAR,240000,2026-12-31,AWIL_3f9sDK1G_Opp_024,Prospecting
006T700000G89wXIAR,250000,2026-12-31,AWIL_3f9sDK1G_Opp_025,Prospecting
006T700000G89wYIAR,260000,2026-12-31,AWIL_3f9sDK1G_Opp_026,Prospecting
006T700000G89wZIAR,270000,2026-12-31,AWIL_3f9sDK1G_Opp_027,Prospecting
006T700000G89waIAB,280000,2026-12-31,AWIL_3f9sDK1G_Opp_028,Prospecting
006T700000G89wbIAB,290000,2026-12-31,AWIL_3f9sDK1G_Opp_029,Prospecting
006T700000G89wcIAB,300000,2026-12-31,AWIL_3f9sDK1G_Opp_030,Prospecting
006T700000G89wdIAB,310000,2026-12-31,AWIL_3f9sDK1G_Opp_031,Prospecting
006T700000G89weIAB,320000,2026-12-31,AWIL_3f9sDK1G_Opp_032,Prospecting
006T700000G89wfIAB,330000,2026-12-31,AWIL_3f9sDK1G_Opp_033,Prospecting
006T700000G89wgIAB,340000,2026-12-31,AWIL_3f9sDK1G_Opp_034,Prospecting
006T700000G89whIAB,350000,2026-12-31,AWIL_3f9sDK1G_Opp_035,Prospecting
006T700000G89wiIAB,360000,2026-12-31,AWIL_3f9sDK1G_Opp_036,Prospecting
006T700000G89wjIAB,370000,2026-12-31,AWIL_3f9sDK1G_Opp_037,Prospecting
006T700000G89wkIAB,380000,2026-12-31,AWIL_3f9sDK1G_Opp_038,Prospecting
006T700000G89wlIAB,390000,2026-12-31,AWIL_3f9sDK1G_Opp_039,Prospecting
006T700000G89wmIAB,400000,2026-12-31,AWIL_3f9sDK1G_Opp_040,Prospecting
006T700000G89wnIAB,410000,2026-12-31,AWIL_3f9sDK1G_Opp_041,Prospecting
006T700000G89woIAB,420000,2026-12-31,AWIL_3f9sDK1G_Opp_042,Prospecting
006T700000G89wpIAB,430000,2026-12-31,AWIL_3f9sDK1G_Opp_043,Prospecting
006T700000G89wqIAB,440000,2026-12-31,AWIL_3f9sDK1G_Opp_044,Prospecting
006T700000G89wrIAB,450000,2026-12-31,AWIL_3f9sDK1G_Opp_045,Prospecting
006T700000G89wsIAB,460000,2026-12-31,AWIL_3f9sDK1G_Opp_046,Prospecting
006T700000G89wtIAB,470000,2026-12-31,AWIL_3f9sDK1G_Opp_047,Prospecting
006T700000G89wuIAB,480000,2026-12-31,AWIL_3f9sDK1G_Opp_048,Prospecting
006T700000G89wvIAB,490000,2026-12-31,AWIL_3f9sDK1G_Opp_049,Prospecting
006T700000G89wwIAB,500000,2026-12-31,AWIL_3f9sDK1G_Opp_050,Prospecting
006T700000G89xlIAB,510000,2026-12-31,AWIL_3f9sDK1G_Opp_051,Prospecting
006T700000G89xmIAB,520000,2026-12-31,AWIL_3f9sDK1G_Opp_052,Prospecting
006T700000G89xnIAB,530000,2026-12-31,AWIL_3f9sDK1G_Opp_053,Prospecting
006T700000G89xoIAB,540000,2026-12-31,AWIL_3f9sDK1G_Opp_054,Prospecting
006T700000G89xpIAB,550000,2026-12-31,AWIL_3f9sDK1G_Opp_055,Prospecting
006T700000G89xqIAB,560000,2026-12-31,AWIL_3f9sDK1G_Opp_056,Prospecting
006T700000G89xrIAB,570000,2026-12-31,AWIL_3f9sDK1G_Opp_057,Prospecting
006T700000G89xsIAB,580000,2026-12-31,AWIL_3f9sDK1G_Opp_058,Prospecting
006T700000G89xtIAB,590000,2026-12-31,AWIL_3f9sDK1G_Opp_059,Prospecting
006T700000G89xuIAB,600000,2026-12-31,AWIL_3f9sDK1G_Opp_060,Prospecting
006T700000G89xvIAB,610000,2026-12-31,AWIL_3f9sDK1G_Opp_061,Prospecting
006T700000G89xwIAB,620000,2026-12-31,AWIL_3f9sDK1G_Opp_062,Prospecting
006T700000G89xxIAB,630000,2026-12-31,AWIL_3f9sDK1G_Opp_063,Prospecting
006T700000G89xyIAB,640000,2026-12-31,AWIL_3f9sDK1G_Opp_064,Prospecting
006T700000G89xzIAB,650000,2026-12-31,AWIL_3f9sDK1G_Opp_065,Prospecting
006T700000G89y0IAB,660000,2026-12-31,AWIL_3f9sDK1G_Opp_066,Prospecting
006T700000G89y1IAB,670000,2026-12-31,AWIL_3f9sDK1G_Opp_067,Prospecting
006T700000G89y2IAB,680000,2026-12-31,AWIL_3f9sDK1G_Opp_068,Prospecting
006T700000G89y3IAB,690000,2026-12-31,AWIL_3f9sDK1G_Opp_069,Prospecting
006T700000G89y4IAB,700000,2026-12-31,AWIL_3f9sDK1G_Opp_070,Prospecting
006T700000G89y5IAB,710000,2026-12-31,AWIL_3f9sDK1G_Opp_071,Prospecting
006T700000G89y6IAB,720000,2026-12-31,AWIL_3f9sDK1G_Opp_072,Prospecting
006T700000G89y7IAB,730000,2026-12-31,AWIL_3f9sDK1G_Opp_073,Prospecting
006T700000G89y8IAB,740000,2026-12-31,AWIL_3f9sDK1G_Opp_074,Prospecting
006T700000G89y9IAB,750000,2026-12-31,AWIL_3f9sDK1G_Opp_075,Prospecting
006T700000G89yAIAR,760000,2026-12-31,AWIL_3f9sDK1G_Opp_076,Prospecting
006T700000G89yBIAR,770000,2026-12-31,AWIL_3f9sDK1G_Opp_077,Prospecting
006T700000G89yCIAR,780000,2026-12-31,AWIL_3f9sDK1G_Opp_078,Prospecting
006T700000G89yDIAR,790000,2026-12-31,AWIL_3f9sDK1G_Opp_079,Prospecting
006T700000G89yEIAR,800000,2026-12-31,AWIL_3f9sDK1G_Opp_080,Prospecting
